,Date,Andaman and Nicobar Islands,Andhra Pradesh,Arunachal Pradesh,Assam,Bihar,Chandigarh,Daman and Diu,Delhi,Goa,Gujarat,Haryana,Himachal Pradesh,Jammu and Kashmir,Jharkhand,Karnataka,Kerala,Lakshadweep,Madhya Pradesh,Maharashtra,Manipur,Meghalaya,Mizoram,Nagaland,Orissa,Pondicherry,Punjab,Rajasthan,Sikkim,Tamil Nadu,Tripura,Uttar Pradesh,West Bengal
0,2020-03-14,0,1,0,0,0,0,0,7,0,0,14,0,2,0,6,19,0,0,14,0,0,0,0,0,0,1,3,0,1,0,12,0
1,2020-03-15,0,0,0,0,0,0,0,0,0,0,0,0,0,0,0,5,0,0,18,0,0,0,0,0,0,0,1,0,0,0,1,0
2,2020-03-16,0,0,0,0,0,0,0,0,0,0,0,0,1,0,1,3,0,0,6,0,0,0,0,1,1,0,0,0,0,0,0,0
3,2020-03-17,0,0,0,0,0,0,0,1,0,0,1,0,0,0,2,0,0,0,3,0,0,0,0,0,0,0,0,0,0,0,2,1
4,2020-03-18,0,0,0,0,0,0,0,2,0,0,1,0,1,0,5,0,0,0,3,0,0,0,0,1,0,1,3,0,1,0,2,0
5,2020-03-19,0,2,0,0,0,1,0,4,0,2,1,0,0,0,1,1,0,0,4,0,0,0,0,0,0,0,2,0,1,0,3,0
6,2020-03-20,0,0,0,0,0,4,0,6,0,5,2,2,0,0,0,12,0,4,4,0,0,0,0,0,0,1,8,0,0,0,4,1
7,2020-03-21,0,2,0,0,0,0,0,7,0,7,2,0,0,0,5,12,0,0,12,0,0,0,0,0,0,10,7,0,3,0,4,2
8,2020-03-22,0,1,0,0,2,1,0,0,0,4,0,0,0,0,6,15,0,2,10,0,0,0,0,0,0,8,4,0,3,0,2,3
9,2020-03-23,0,1,0,0,1,1,0,3,0,12,7,1,0,0,7,28,0,0,23,0,0,0,0,0,0,2,4,0,3,0,2,0
10,2020-03-24,0,1,0,0,0,0,0,0,0,4,2,0,2,0,8,14,0,1,10,1,0,0,0,0,0,6,0,0,6,0,3,2
11,2020-03-25,0,2,0,0,1,0,0,5,3,4,1,0,5,0,10,9,0,8,15,0,0,1,0,0,0,2,6,0,8,0,3,0
12,2020-03-26,1,1,0,0,3,0,0,1,0,5,1,0,3,0,4,19,0,5,3,0,0,0,0,1,0,2,2,0,3,0,4,1
13,2020-03-27,5,2,0,0,2,1,0,4,0,4,1,0,6,0,9,39,0,9,31,0,0,0,0,0,0,5,10,0,9,0,7,5
14,2020-03-28,3,6,0,0,2,0,0,9,0,8,2,0,13,0,17,6,0,10,30,0,0,0,0,0,0,0,4,0,4,0,16,3
15,2020-03-29,0,2,0,0,4,0,0,23,2,8,0,0,5,0,2,20,0,0,17,0,0,0,0,0,0,0,5,0,8,0,7,3
16,2020-03-30,1,2,0,0,0,5,0,25,0,7,1,0,11,0,5,32,0,8,17,0,0,0,0,0,0,3,20,0,17,0,24,1
17,2020-03-31,0,21,0,1,6,2,0,23,0,4,7,0,6,1,13,7,0,19,82,0,0,0,0,1,0,1,14,0,57,0,8,15
18,2020-04-01,0,67,0,15,3,2,0,32,0,13,0,0,7,0,9,24,0,32,33,0,0,0,0,1,2,4,27,0,110,0,13,0
19,2020-04-02,0,38,1,0,5,1,0,141,0,1,6,3,8,1,14,21,0,9,88,1,0,0,0,0,2,1,13,0,75,0,11,16
20,2020-04-03,0,15,0,7,2,0,0,93,1,7,9,0,5,0,4,9,0,47,64,0,0,0,0,15,0,6,46,0,102,0,46,0
21,2020-04-04,0,28,0,3,1,0,0,59,1,13,26,7,17,0,16,11,0,25,148,0,0,0,0,1,0,12,27,0,74,0,60,0
22,2020-04-05,0,64,0,0,0,0,0,58,0,20,6,1,14,1,7,8,0,14,112,0,0,0,0,18,0,3,60,0,86,0,44,27
23,2020-04-06,0,47,0,0,0,0,0,22,0,18,20,4,3,1,12,13,0,63,121,0,0,0,0,1,0,11,35,0,50,1,27,0
24,2020-04-07,0,11,0,2,6,0,0,51,0,29,33,9,16,0,12,9,0,34,150,0,0,0,0,2,0,20,42,0,69,0,27,11
25,2020-04-08,1,34,0,0,1,0,0,93,0,11,24,0,33,0,6,9,0,51,117,0,0,0,0,0,0,7,40,0,48,0,29,8
26,2020-04-09,0,15,0,1,19,0,0,51,0,76,3,1,26,9,16,12,0,70,229,0,0,0,0,6,0,24,80,0,96,0,49,4
27,2020-04-10,0,18,0,0,2,1,0,183,0,116,6,0,23,1,10,7,0,40,210,0,0,0,0,2,2,21,98,0,77,1,23,13
28,2020-04-11,0,24,0,0,4,0,0,166,0,90,3,4,17,3,8,10,0,78,187,0,0,0,0,4,0,7,139,0,58,0,19,10
29,2020-04-12,0,15,0,1,0,2,0,85,0,48,16,0,21,2,17,2,0,33,221,0,0,0,0,0,0,12,104,0,106,0,31,8
30,2020-04-13,0,19,0,2,2,0,0,356,0,56,1,0,25,5,15,3,0,52,352,0,1,0,0,1,0,6,93,0,98,0,75,18
31,2020-04-14,0,45,0,1,0,0,0,51,0,78,2,1,8,3,13,8,0,127,346,0,0,0,0,5,0,8,108,0,31,0,102,38
32,2020-04-15,0,41,0,0,6,0,0,17,0,116,6,2,22,1,19,1,0,197,236,0,6,0,0,0,0,2,71,0,38,0,75,23
33,2020-04-16,0,9,0,2,11,0,0,62,0,163,11,0,14,1,36,7,0,226,285,0,2,0,0,0,0,11,55,0,25,0,70,18
34,2020-04-17,1,38,0,0,2,0,0,67,0,170,8,3,14,3,44,1,0,146,120,0,0,0,0,0,0,14,98,0,56,0,44,24
35,2020-04-18,2,31,0,0,1,2,0,186,0,277,9,1,13,1,25,4,0,92,327,0,2,0,0,1,0,23,122,0,49,0,126,32
36,2020-04-19,1,44,0,0,10,3,0,110,0,367,18,0,13,8,6,2,0,5,552,0,0,0,0,0,0,10,127,0,105,0,125,23
37,2020-04-20,1,75,0,0,17,0,0,78,0,196,1,0,14,5,18,6,0,78,466,0,0,0,0,13,0,1,98,0,43,0,84,29
38,2020-04-21,1,35,0,0,13,1,0,75,0,239,4,0,12,0,10,19,0,67,552,0,1,0,0,5,0,6,159,0,76,0,153,53
39,2020-04-22,1,56,0,0,17,0,0,92,0,229,9,0,27,0,9,11,0,35,431,0,0,0,0,4,0,27,153,0,33,0,112,31
40,2020-04-23,4,80,0,1,27,0,0,128,0,217,6,1,27,7,18,10,0,100,778,0,0,0,0,6,0,5,76,0,54,0,61,33
41,2020-04-24,7,62,0,0,53,0,0,138,0,191,5,0,20,6,29,3,0,159,390,0,0,0,0,5,0,15,70,0,72,0,111,58
42,2020-04-25,4,61,0,0,28,1,0,111,0,256,12,0,40,8,26,7,0,99,811,0,0,0,0,6,1,10,49,0,66,0,172,57
43,2020-04-26,0,81,0,0,26,8,0,293,0,230,9,0,29,15,3,11,0,145,440,0,0,0,0,3,0,14,102,0,64,0,80,40
44,2020-04-27,0,80,0,0,69,9,0,190,0,247,5,0,23,21,9,13,0,75,522,0,0,0,0,15,0,8,77,0,52,0,113,38
45,2020-04-28,0,82,0,2,20,11,0,206,0,226,7,0,19,2,11,4,0,222,728,0,0,0,0,0,0,12,102,0,121,0,67,48
46,2020-04-29,0,73,0,0,37,12,0,125,0,308,3,0,16,2,12,10,0,173,597,0,0,0,0,7,0,33,76,0,104,0,81,28
47,2020-04-30,0,71,0,5,22,6,0,76,0,313,28,0,33,3,30,2,0,65,583,0,0,0,0,18,0,105,144,0,161,1,77,33
48,2020-05-01,0,60,0,0,41,14,0,223,0,326,18,0,25,3,24,0,0,90,1008,0,0,0,0,11,0,105,82,0,203,0,117,37
49,2020-05-02,0,62,0,0,15,6,0,384,0,333,19,0,27,2,12,2,0,73,790,0,0,0,0,6,1,187,106,0,231,2,159,127
50,2020-05-03,0,58,0,0,36,3,0,427,0,374,66,0,35,0,13,0,0,49,678,0,0,0,0,2,0,330,114,0,266,12,158,276
51,2020-05-04,0,67,0,0,11,5,0,349,0,376,75,1,25,0,37,0,0,105,1567,0,0,0,0,7,0,130,175,0,527,13,121,61
52,2020-05-05,0,67,0,2,7,17,0,206,0,441,31,1,15,10,22,3,0,107,984,0,0,0,0,8,0,219,97,0,508,13,114,85
53,2020-05-06,0,60,0,1,7,5,0,428,0,380,46,1,34,2,20,0,0,89,1233,0,0,0,0,28,0,75,159,0,771,22,118,112
54,2020-05-07,0,56,0,8,8,11,0,448,0,388,31,3,18,5,12,0,0,114,1216,0,0,0,0,14,0,118,110,0,580,24,73,92
55,2020-05-08,0,54,0,6,29,11,0,338,0,390,22,4,30,22,48,1,0,89,1089,0,0,0,0,51,1,87,152,0,600,30,143,130
56,2020-05-09,0,43,0,2,32,23,0,224,0,394,28,2,13,2,41,2,0,116,1165,0,1,0,0,82,0,31,129,0,526,17,159,108
57,2020-05-10,0,50,0,1,96,4,0,381,0,398,28,6,25,1,54,7,0,157,1943,0,0,0,0,25,2,61,106,0,669,16,94,153
58,2020-05-11,0,38,0,2,42,8,0,310,0,347,27,1,18,4,14,7,0,171,1230,0,0,0,0,38,0,54,174,0,798,0,106,124
59,2020-05-12,0,71,0,0,130,6,0,406,0,362,50,8,55,11,63,5,0,201,1026,0,0,0,0,22,0,37,138,0,716,2,91,110
60,2020-05-13,0,48,0,15,74,4,0,359,0,364,13,1,37,5,34,10,0,187,1495,0,0,0,0,101,1,10,202,0,509,1,94,117
61,2020-05-14,0,68,0,7,46,0,0,472,8,324,25,6,12,26,28,26,0,253,1602,1,0,0,0,134,3,11,206,0,447,1,144,87
62,2020-05-15,0,102,0,3,34,0,0,425,0,340,36,2,30,8,69,16,0,169,1576,0,0,0,0,65,0,-3,213,0,434,0,155,84
63,2020-05-16,0,48,0,3,145,0,0,438,5,1057,33,2,108,6,36,11,0,195,1606,4,0,0,0,0,1,14,213,0,477,11,201,115
64,2020-05-17,0,25,0,8,142,0,0,422,9,391,23,2,62,6,55,14,0,187,2347,0,0,0,0,91,0,18,242,0,639,-2,206,101
65,2020-05-18,0,52,0,15,103,5,0,299,9,366,18,10,106,5,99,29,0,259,2005,0,0,0,0,48,0,16,305,0,536,0,141,147
66,2020-05-19,0,57,0,42,96,3,0,500,8,395,36,2,28,20,149,12,0,229,2078,2,0,0,0,102,5,22,338,0,688,8,321,137
67,2020-05-20,0,71,0,31,257,3,0,534,4,398,29,18,73,42,67,24,0,270,2161,16,1,0,0,74,1,3,170,0,743,0,249,142
68,2020-05-21,0,45,0,22,211,16,0,571,2,371,37,42,59,13,143,24,0,246,2345,0,0,0,0,51,0,23,212,0,776,2,340,94
69,2020-05-22,0,62,0,15,179,1,0,660,2,363,37,16,40,20,138,42,0,189,2940,1,0,0,0,86,3,1,267,0,786,0,220,135
70,2020-05-23,0,47,0,121,228,6,0,591,1,396,64,17,80,27,216,62,0,201,2608,3,0,0,0,80,0,16,248,1,759,16,282,127
71,2020-05-24,0,66,1,46,180,37,0,508,11,394,53,18,52,20,130,53,0,294,3041,3,0,0,0,67,15,15,286,0,765,3,251,208
72,2020-05-25,0,106,0,156,163,4,0,635,1,405,29,20,47,35,93,49,0,194,2436,4,1,0,3,102,8,21,272,0,805,4,229,149
73,2020-05-26,0,97,0,134,231,12,0,412,0,361,92,24,91,21,101,67,0,165,2091,3,5,0,1,79,0,25,236,0,646,34,227,193
74,2020-05-27,0,134,0,101,68,1,0,792,1,376,76,26,162,7,135,40,0,237,2190,5,0,0,5,76,0,33,280,0,817,10,267,183
75,2020-05-28,0,128,1,97,149,10,0,1024,1,367,123,8,115,6,115,85,0,192,2598,11,1,0,9,67,4,19,251,0,827,2,179,344
76,2020-05-29,0,85,0,177,174,0,0,1105,0,372,217,14,128,82,248,62,0,192,2682,4,6,0,7,63,4,39,298,0,874,10,275,277
77,2020-05-30,0,131,1,159,206,0,0,1163,1,412,202,18,177,73,141,58,0,246,2940,1,0,0,11,96,0,36,252,0,938,17,256,317
78,2020-05-31,0,110,0,123,242,4,0,1295,1,438,168,18,105,41,299,61,0,198,2487,11,0,0,7,129,13,30,214,0,1149,45,374,371
79,2020-06-01,0,105,18,146,138,4,0,990,2,423,265,9,155,26,187,57,0,194,2358,12,1,0,0,156,9,38,269,0,1162,107,286,271
80,2020-06-02,0,115,2,74,151,4,0,1298,6,415,296,5,117,61,388,86,0,137,2287,6,2,12,6,141,0,41,273,0,1091,48,368,396
81,2020-06-03,0,180,10,271,230,0,0,1513,47,485,302,14,139,42,267,82,0,168,2560,19,3,1,9,143,11,34,279,1,1286,151,141,340
82,2020-06-04,0,141,5,285,126,1,0,1359,40,492,327,24,285,63,257,94,0,174,2933,16,0,3,22,90,9,39,210,0,1384,24,367,368
83,2020-06-05,0,138,4,128,146,7,0,1330,30,510,316,10,182,95,515,111,0,234,2436,8,0,7,27,130,5,46,222,1,1438,48,496,427
84,2020-06-06,0,210,2,230,233,3,0,1320,71,498,355,7,143,106,378,108,0,232,2739,25,0,0,0,173,3,54,253,4,1458,55,370,435
85,2020-06-07,0,199,3,208,239,2,0,1282,33,480,496,11,620,75,239,107,0,173,3007,15,3,10,9,75,12,93,262,0,1515,53,433,449
86,2020-06-08,0,154,6,154,177,6,0,1007,30,477,406,10,198,187,308,91,0,237,2554,100,3,8,6,138,9,55,277,0,1562,38,411,426
87,2020-06-09,1,69,0,215,208,6,0,1366,29,470,355,16,61,126,161,91,0,211,2258,32,4,46,5,146,4,56,369,6,1685,26,388,372
88,2020-06-10,1,365,4,235,243,2,0,1501,28,510,370,14,161,135,120,65,0,200,3254,7,1,5,1,110,12,86,355,0,1927,31,275,343
89,2020-06-11,3,182,6,145,250,4,0,1877,30,513,389,19,67,48,204,83,0,192,3607,55,0,9,2,136,13,82,238,0,1875,25,478,440
90,2020-06-12,0,207,19,263,148,13,0,2137,46,495,366,16,156,57,271,78,0,202,3493,19,0,2,26,112,6,99,230,50,1982,41,528,476
91,2020-06-13,0,222,5,207,193,5,0,2134,60,517,415,16,148,55,308,85,0,198,3427,64,0,6,7,225,13,77,333,0,1989,83,502,454
92,2020-06-14,2,294,3,218,186,2,0,2224,41,511,459,16,163,52,176,54,0,161,3390,9,0,2,10,186,18,77,293,5,1974,33,497,389
93,2020-06-15,1,304,4,191,187,5,0,1647,28,514,514,38,179,30,213,82,0,133,2786,32,0,5,4,146,8,127,287,0,1843,10,476,407
94,2020-06-16,3,264,4,201,148,8,0,1859,37,524,550,4,78,46,317,79,0,148,2701,10,0,4,2,108,14,104,235,0,1515,1,507,415
95,2020-06-17,0,351,4,184,130,5,0,2414,27,520,560,25,108,57,204,75,0,161,3307,52,-1,0,14,175,29,126,326,2,2174,43,583,391
96,2020-06-18,1,425,0,209,100,4,0,2877,49,510,386,10,149,23,210,97,0,182,3752,54,0,9,0,174,26,118,315,0,2141,21,604,435
97,2020-06-19,2,465,32,0,250,7,0,3137,20,540,525,32,125,42,337,118,0,156,3827,75,0,0,5,165,16,217,299,0,2115,27,809,355
98,2020-06-20,0,491,0,249,213,23,0,3630,29,539,480,29,154,63,416,127,0,142,3874,96,0,10,3,179,51,120,381,0,2396,8,541,441
99,2020-06-21,1,477,4,332,162,2,0,3000,64,580,412,17,122,74,453,133,0,179,3870,64,0,1,10,304,28,122,393,8,2532,35,596,414
100,2020-06-22,0,443,9,267,228,5,0,2909,46,563,390,54,132,42,249,138,0,175,3721,57,2,1,69,143,17,161,302,0,2710,16,591,413
101,2020-06-23,2,462,10,203,157,7,0,3947,45,549,495,48,148,53,322,141,0,183,3214,23,1,0,50,167,19,162,395,1,2516,23,571,370
102,2020-06-24,6,497,2,226,223,2,0,3788,42,572,490,31,186,26,397,152,0,187,3889,49,0,3,17,282,59,230,382,4,2865,0,664,445
103,2020-06-25,2,553,12,364,215,3,0,3390,44,577,453,33,127,44,442,123,0,147,4842,86,0,0,8,210,41,142,287,2,3509,32,636,475
104,2020-06-26,14,605,2,273,190,2,0,3460,44,580,421,25,213,31,445,150,0,203,5024,19,2,2,16,218,32,188,364,2,3645,35,750,542
105,2020-06-27,0,796,3,246,302,3,0,2948,89,615,543,30,204,45,918,195,0,167,6368,17,0,3,16,170,85,99,284,0,3713,9,606,521
106,2020-06-28,11,813,5,327,244,3,0,2889,70,624,402,22,127,25,1267,118,0,221,5493,93,2,1,28,264,29,160,327,1,3940,12,598,572
107,2020-06-29,7,793,5,302,394,3,0,2084,53,626,381,26,144,62,1105,122,0,184,5257,42,1,0,36,245,42,202,389,0,3949,34,681,624
108,2020-06-30,7,704,4,613,370,6,0,2199,64,620,338,11,260,64,947,131,0,223,4878,7,2,9,8,206,24,150,348,0,3943,8,664,652
109,2020-07-01,3,657,4,548,216,6,0,2442,72,675,393,26,198,35,1272,151,0,268,5537,26,2,0,42,251,25,100,304,1,3882,8,564,611
110,2020-07-02,9,845,37,479,478,4,0,2373,95,681,568,35,154,60,1502,160,0,245,6328,19,3,2,34,229,63,116,350,12,4343,39,769,649
111,2020-07-03,7,837,20,365,426,4,0,2520,94,687,494,19,170,112,1694,211,0,191,6364,37,4,0,4,561,22,153,390,1,4329,93,972,669
112,2020-07-04,3,765,7,1202,349,5,0,2505,108,712,545,13,227,42,1839,240,0,307,7074,9,8,2,24,495,80,172,480,1,4280,25,757,743
113,2020-07-05,6,998,10,735,403,7,0,2244,77,725,457,17,183,68,1925,225,0,326,6555,41,2,22,27,469,42,174,632,22,4150,23,1153,895
114,2020-07-06,16,1322,1,786,280,21,0,1379,52,735,499,14,246,47,1843,193,0,354,5368,24,16,11,35,456,65,208,524,0,3827,111,929,861
115,2020-07-07,6,1178,6,814,385,5,0,2008,90,778,495,6,256,164,1498,272,0,343,5134,40,6,1,19,571,32,258,716,2,3616,24,1332,850
116,2020-07-08,2,1062,11,696,749,15,0,2033,136,783,691,18,330,116,2062,301,0,409,6603,5,6,5,13,527,110,158,659,6,3756,57,1188,986
117,2020-07-09,7,1555,15,568,704,16,0,2187,112,861,674,39,240,134,2228,339,0,305,6875,15,13,0,16,577,49,233,500,1,4231,16,1206,1088
118,2020-07-10,0,1608,33,936,352,13,0,2089,100,875,570,31,387,250,2313,416,0,316,7862,132,73,23,59,755,72,217,611,0,3680,142,1338,1198
119,2020-07-11,0,1813,6,535,709,13,0,1781,117,872,648,11,268,145,2798,488,0,544,8139,11,76,1,16,570,65,230,574,26,3965,31,1392,1344
120,2020-07-12,7,1933,19,735,1266,10,0,1573,85,879,658,31,357,97,2627,435,0,431,7827,16,33,4,26,595,81,234,644,4,4244,105,1384,1560
121,2020-07-13,3,1935,27,1001,1116,29,0,1246,130,902,689,30,314,203,2738,449,0,575,6497,17,21,2,71,616,50,357,544,2,4328,26,1654,1435
122,2020-07-14,5,1916,75,859,1432,12,0,1606,170,915,699,66,346,262,2496,608,0,798,6741,46,2,5,51,543,63,333,635,45,4526,90,1594,1390
123,2020-07-15,5,2432,29,1088,1320,19,0,1647,198,925,678,32,493,337,3176,623,0,638,7975,28,19,0,6,618,65,288,866,11,4496,98,1659,1589
124,2020-07-16,4,2593,52,892,1385,16,0,1652,157,919,696,36,490,221,4169,722,0,735,8641,64,40,34,14,494,147,295,737,13,4549,98,2058,1690
125,2020-07-17,0,2602,66,1218,1742,25,0,1462,196,949,795,40,601,313,3693,791,0,704,8308,36,26,10,40,718,89,348,615,32,4538,118,1722,1894
126,2020-07-18,4,3963,41,1117,1667,31,0,1475,180,960,750,40,441,289,4537,593,0,681,8348,91,15,2,22,591,58,350,711,19,4807,171,1873,2198
127,2020-07-19,15,5041,90,1018,1412,26,0,1211,173,965,617,64,701,167,4120,821,0,837,9518,20,32,0,10,736,109,308,934,10,4979,223,2211,2278
128,2020-07-20,4,4074,50,1093,1076,20,0,954,196,998,694,110,751,225,3648,794,0,710,8240,14,19,13,33,673,93,410,956,22,4985,202,1913,2282
129,2020-07-21,5,4944,68,1680,1109,14,0,1349,174,1026,604,33,608,418,3649,720,0,785,8336,90,21,0,9,647,87,379,983,25,4965,252,2128,2261
130,2020-07-22,9,6045,91,972,1502,29,0,1227,149,1020,724,61,453,487,4764,1038,0,747,10576,45,24,20,54,1078,121,412,961,108,5849,126,2300,2291
131,2020-07-23,19,7998,42,1047,1625,20,0,1041,174,1078,789,109,718,482,5030,1078,0,632,9895,55,20,9,90,1264,120,438,886,22,6472,206,2516,2436
132,2020-07-24,19,8147,65,1130,1820,23,0,1025,190,1068,780,120,353,400,5007,885,0,736,9615,31,53,6,65,1594,95,477,958,17,6785,100,2667,2216
133,2020-07-25,31,7813,70,1165,2803,29,0,1142,146,1081,783,95,523,277,5072,1103,0,716,9251,30,59,29,50,1320,139,468,1120,22,6988,105,2971,2404
134,2020-07-26,28,7627,32,1142,2605,35,0,1075,175,1110,794,127,615,508,5199,927,0,874,9431,59,56,0,50,1376,133,534,1132,46,6986,37,3246,2341
135,2020-07-27,20,6051,81,1348,2192,23,0,613,258,1052,795,94,470,454,5324,702,0,789,7924,51,36,0,46,1503,85,551,1134,10,6993,147,3505,2112
136,2020-07-28,25,7948,91,1371,2480,24,0,1056,168,1108,749,60,489,760,5536,1167,0,628,7717,31,41,23,75,1215,139,609,1072,24,6972,221,3458,2134
137,2020-07-29,65,10093,80,1348,2328,44,0,1035,202,1144,755,73,540,331,5503,903,0,917,9211,141,5,11,53,1068,166,568,1144,17,6426,216,3383,2294
138,2020-07-30,42,10167,74,2112,2082,38,0,1093,215,1159,623,103,450,505,6128,506,0,834,11147,47,19,13,53,1203,121,510,1156,14,5864,219,3705,2434
139,2020-07-31,78,10376,107,1862,2986,35,0,1195,209,1153,711,58,490,915,5483,1310,0,838,10320,116,20,0,127,1499,174,663,1147,29,5881,274,4422,2496
140,2020-08-01,88,9276,83,1457,3521,28,0,1118,280,1136,793,70,613,790,5172,1129,0,808,9601,135,33,5,138,1602,134,944,1160,11,5879,252,3587,2589
141,2020-08-02,98,8555,24,1178,2762,38,0,961,337,1101,761,69,444,455,5532,1169,0,921,9509,75,18,57,104,1434,200,790,1167,8,5875,141,3873,2739
142,2020-08-03,96,7822,60,2371,2297,43,0,805,286,1009,654,115,590,941,4752,961,0,750,8968,89,28,26,194,1384,176,674,1145,30,5609,0,4441,2716
143,2020-08-04,98,9747,32,2886,2464,46,0,674,259,1020,623,61,390,570,6259,1083,0,797,7760,98,15,6,276,1384,165,488,1124,95,5063,131,2948,2752
144,2020-08-05,99,10128,65,2284,2701,64,0,1076,348,1073,752,37,559,978,5619,1195,0,652,10309,75,22,3,93,1337,286,841,1166,17,5175,122,4078,2816
145,2020-08-06,96,10328,93,2372,3416,57,0,1299,191,1034,755,131,499,708,6805,1298,0,830,11514,124,51,33,82,1699,188,1035,1151,29,5684,98,4586,2954
146,2020-08-07,99,10171,101,2679,3646,47,0,1192,333,1074,751,103,473,726,6670,1251,0,734,10483,249,16,21,77,1833,241,1039,1161,25,5880,128,4404,2912
147,2020-08-08,129,10080,68,2218,3992,52,0,1404,259,1101,789,114,463,986,7178,1420,0,859,12822,169,17,8,31,1643,261,998,1171,6,5883,146,4660,2949
148,2020-08-09,139,10820,38,1123,3934,89,0,1300,506,1078,792,107,507,688,5985,1211,0,868,12248,118,39,41,93,1734,259,975,1169,6,5994,147,4571,2939
149,2020-08-10,135,7665,76,2900,3021,80,0,707,317,1056,794,92,470,630,4267,1184,0,866,9181,100,53,12,230,1528,242,986,1173,44,5914,62,4113,2905
150,2020-08-11,139,9024,96,2669,4071,75,0,1257,415,1118,798,34,564,683,6257,1417,0,843,11088,88,27,3,20,1341,276,1000,1217,3,5834,164,5041,2931
151,2020-08-12,136,9597,103,4593,3741,81,0,1113,480,1152,797,139,482,788,7883,1212,0,870,12712,41,37,25,87,1876,481,1020,1213,17,5871,110,4475,2936
152,2020-08-13,137,9996,82,2796,3906,91,0,956,570,1092,793,180,536,693,6706,1564,0,1014,11813,130,14,1,50,1981,299,1027,1314,1,5835,121,4537,2997
153,2020-08-14,149,8943,95,2706,3911,86,0,1192,476,1087,797,58,540,1175,7908,1569,0,796,12608,86,35,8,154,1977,315,1077,1278,149,5890,164,4512,3035
154,2020-08-15,120,8732,51,1057,3536,81,0,1276,369,1094,796,119,532,547,8818,1608,0,1019,12020,192,64,56,18,2496,359,1028,1287,68,5860,167,4774,3074
155,2020-08-16,93,8012,43,1317,2187,93,0,652,300,1120,743,163,449,552,7040,1530,0,1022,11111,179,82,64,54,2924,378,1165,1317,19,5950,127,4357,3066
156,2020-08-17,46,6780,40,2792,2525,114,0,787,355,1033,887,18,422,843,6317,1725,0,930,8493,118,44,12,61,2244,297,1489,1334,20,5890,143,3798,3080
157,2020-08-18,84,9652,134,2534,3257,89,0,1374,339,1126,896,61,434,1241,7665,1758,0,990,11119,78,39,26,65,2239,367,1705,1347,20,5709,205,4218,3175
158,2020-08-19,75,9742,75,2116,2884,91,0,1398,342,1145,994,176,708,967,8642,2333,0,976,13165,111,78,45,38,2589,356,1683,1312,25,5795,236,5076,3169
159,2020-08-20,76,9393,116,1735,2451,119,0,1215,424,1175,996,127,683,638,7385,1968,0,1142,14647,49,126,14,25,2898,540,1741,1330,58,5986,190,4824,3197
160,2020-08-21,67,9544,60,1856,2461,116,0,1250,385,1204,1203,190,654,1258,7571,1983,0,1147,14161,124,57,21,36,2698,302,1503,1335,46,5995,256,4905,3245
161,2020-08-22,61,10276,97,1560,2238,145,0,1412,306,1212,1161,167,610,907,7330,2172,0,1226,14492,83,93,8,16,2819,518,1316,1310,45,5980,280,5217,3232
162,2020-08-23,52,7895,40,1272,2247,142,0,1450,209,1101,1096,106,666,1075,5938,1908,0,1263,10441,114,106,15,51,2993,410,1136,1345,22,5975,331,5325,3274
163,2020-08-24,44,8601,49,1879,1227,117,0,1061,139,1067,1074,100,428,940,5851,1242,0,1292,11015,116,59,0,28,2949,337,1505,1346,43,5967,200,4601,2967
164,2020-08-25,41,9927,100,1973,1444,174,0,1544,392,1096,1148,53,701,1056,8161,2375,0,1379,10425,82,42,35,38,2752,567,1293,1370,29,5951,293,5006,2964
165,2020-08-26,40,10830,143,2179,2163,167,0,1693,497,1197,1397,167,704,1137,8580,2476,0,1064,14888,141,32,14,26,3371,504,1513,1345,11,5958,329,5640,2974
166,2020-08-27,33,10621,78,2036,1860,188,0,1840,456,1190,1293,180,655,1365,9386,2406,0,1317,14857,140,80,7,6,3384,504,1746,1345,56,5981,385,5391,2997
167,2020-08-28,32,10526,112,2560,1998,160,0,1808,523,1272,1298,136,696,1137,8960,2543,0,1252,14427,118,110,29,21,3682,590,1542,1355,34,5996,509,5405,2982
168,2020-08-29,31,10548,132,2427,2087,261,0,1954,547,1282,1391,144,546,1299,8324,2397,0,1442,16286,117,43,0,46,3252,532,1470,1407,26,6352,443,5633,3012
169,2020-08-30,23,10603,157,1980,2078,170,0,2024,451,1272,1295,164,786,1323,8852,2154,0,1558,16408,152,60,5,71,3014,571,1678,1450,25,6495,447,6175,3019
170,2020-08-31,28,10004,78,3266,1324,191,0,1358,414,1280,1450,171,535,3221,6495,1530,0,1532,11852,140,25,3,28,2602,284,1466,1466,25,5956,321,4782,2993
171,2020-09-01,28,10368,100,2684,1928,204,0,2312,588,1310,1694,139,525,2177,9058,1140,0,1525,15765,130,72,1,53,3025,355,1516,1470,18,5928,509,5343,2943
172,2020-09-02,26,10392,148,3555,1969,239,0,2509,636,1305,1792,161,641,1029,9860,1547,0,1424,17433,125,77,8,14,3219,391,1481,1511,34,5990,566,5682,2976
173,2020-09-03,37,10199,214,3054,1922,276,0,2737,713,1325,1881,199,1079,1618,8865,1553,0,1672,18105,102,109,20,49,3631,424,1526,1553,34,5892,590,5662,2984
174,2020-09-04,34,10776,201,2891,1978,203,0,2914,508,1320,1884,215,1047,1559,9280,2479,0,1658,19218,90,108,6,41,3267,591,1498,1570,105,5976,524,6074,2978
175,2020-09-05,35,10825,139,2698,1727,234,0,2973,592,1311,2289,188,1251,1758,9746,2655,0,1636,20800,184,182,16,21,3543,394,1514,1566,58,5870,691,6590,3042
176,2020-09-06,40,10794,86,1537,1797,261,0,3256,374,1335,2277,397,1316,1266,9319,3082,0,1694,23350,139,89,31,50,3810,466,1946,1593,9,5783,603,6518,3087
177,2020-09-07,27,8368,180,2785,1369,232,0,2077,344,1330,2224,245,1013,1557,5773,1648,0,1885,16429,84,29,21,42,3861,284,2110,1580,29,5776,399,5568,3077
178,2020-09-08,33,10601,221,2578,1667,377,0,3609,457,1295,2286,171,1355,2676,7866,3026,0,1864,20131,96,42,9,25,3490,433,1964,1590,19,5684,628,6622,3091
179,2020-09-09,34,10418,144,2243,1498,332,0,4039,621,1329,2294,316,1617,1601,9540,3402,0,1869,23577,160,121,69,130,3748,335,2137,1610,31,5584,582,6568,3107
180,2020-09-10,39,10175,127,2739,1543,283,0,4308,639,1332,2591,319,1592,1182,9217,3349,0,2187,23446,108,99,141,261,3991,452,2459,1640,20,5528,535,6988,3112
181,2020-09-11,29,9999,153,2534,1710,305,0,4266,555,1344,2388,318,1578,961,9464,2988,0,2240,24886,109,151,20,310,3996,490,2473,1660,17,5519,559,7016,3157
182,2020-09-12,27,9901,136,2132,1421,250,0,4321,740,1365,2783,445,1698,1420,9140,2885,0,2347,22084,152,168,26,118,3777,419,2441,1669,29,5495,470,6786,3161
183,2020-09-13,25,9536,160,1292,1523,449,0,4235,407,1326,2526,326,1686,1014,9894,3139,0,2281,22543,144,109,35,19,3913,388,2622,1703,31,5693,629,6205,3215
184,2020-09-14,11,7956,176,2403,1137,254,0,3229,306,1334,2488,368,1229,1263,8244,2540,0,2483,17066,96,139,14,131,4198,393,2421,1730,33,5752,255,5159,3211
185,2020-09-15,17,8846,169,2409,1575,347,0,4263,613,1349,2493,412,1329,1702,7576,3216,0,2323,20482,239,174,40,15,3645,375,2382,1760,54,5697,531,6841,3227
186,2020-09-16,19,8835,226,2394,1531,366,0,4473,628,1364,2694,460,1590,1635,9725,3830,0,2462,23365,110,158,12,34,4270,510,2702,1782,48,5652,454,6229,3237
187,2020-09-17,11,8702,159,1380,1592,288,0,4432,644,1379,2457,395,1467,1026,9366,4351,0,2391,24619,110,162,26,43,4241,317,2848,1793,53,5560,527,6029,3197
188,2020-09-18,27,8096,154,2509,1147,260,0,4127,596,1410,2488,432,1330,1478,8626,4167,0,2552,21656,177,90,28,51,4180,485,2774,1817,29,5488,273,6494,3192
189,2020-09-19,13,8218,245,2595,1616,290,0,4071,643,1432,2691,286,1492,1282,8364,4644,0,2607,20519,117,112,14,35,4209,543,2723,1834,39,5569,535,5729,3188
190,2020-09-20,7,7738,135,1227,1555,286,0,3812,407,1407,2305,221,1457,1492,8191,4696,0,2579,20627,170,101,30,59,4330,467,2160,1865,49,5516,525,5758,3177
191,2020-09-21,22,6235,210,2640,1314,216,0,2548,324,1430,1818,309,1036,1321,7339,2910,0,2523,15738,116,73,7,93,4242,268,2241,1892,56,5344,243,4618,3165
192,2020-09-22,18,7553,249,2073,1609,248,0,3816,590,1402,1795,331,1235,1275,6974,4125,0,2544,18390,270,58,106,60,4189,493,1411,1912,66,5337,559,5650,3182
193,2020-09-23,21,7228,289,2098,1598,180,0,3714,536,1372,1986,280,1249,1141,6997,5376,0,2346,21029,96,170,22,67,4237,543,2123,1946,35,5325,504,5143,3189
194,2020-09-24,32,7855,283,2091,1203,242,0,3834,673,1408,1698,337,1104,1349,7710,6324,0,2304,19164,161,122,46,59,4340,668,1756,1981,64,5692,451,4591,3196
195,2020-09-25,15,7073,255,1792,1632,244,0,3827,519,1442,2024,293,1218,1271,8655,6477,0,2227,17794,254,75,27,38,4208,594,1876,2010,92,5679,341,4256,3190
196,2020-09-26,15,7293,198,1736,1457,168,0,3372,503,1417,1689,317,1217,1226,8811,7006,0,2311,20419,260,54,49,94,4356,543,1588,2045,48,5647,278,4302,3181
197,2020-09-27,20,6923,135,875,1527,173,0,3292,384,1411,1515,195,1141,974,9543,7445,0,2310,18056,248,90,30,84,3922,368,1422,2084,38,5791,320,4250,3185
198,2020-09-28,9,5487,328,3644,1150,125,0,1984,438,1404,1630,266,824,1508,6892,4538,0,1957,11921,178,60,43,11,3235,285,1269,2112,25,5589,193,3790,3155
199,2020-09-29,18,6190,221,3592,1439,138,0,3227,381,1381,1562,290,1081,1123,10453,7354,0,1877,14976,269,101,50,83,3067,381,1085,2148,41,5546,432,3981,3188
200,2020-09-30,14,6133,243,3590,1435,122,0,3390,641,1390,1625,229,975,1111,8856,8830,0,2004,18317,237,176,28,123,3443,478,1426,2173,75,5659,381,4226,3281
201,2020-10-01,13,6751,224,1585,1370,119,0,3037,524,1350,1313,243,1093,1013,10070,8135,0,2041,16476,128,163,32,81,3615,480,1265,2193,38,5688,332,4019,3275
202,2020-10-02,10,6555,200,1416,1431,155,0,2920,513,1310,1476,235,1090,736,8793,9258,0,2019,15591,286,231,31,74,3600,510,1062,2211,42,5595,296,3894,3310
203,2020-10-03,10,6224,201,1632,983,148,0,2258,445,1343,1188,241,975,877,9886,7834,0,1811,14348,252,423,54,111,3053,218,1106,2150,39,5622,190,3631,3340
204,2020-10-04,16,6242,127,756,1261,85,0,2683,428,1302,1302,156,878,933,10145,8553,0,1720,12548,206,200,17,123,3326,337,838,2184,43,5489,322,3840,3357
205,2020-10-05,15,4256,235,1518,907,133,0,1947,391,1327,1031,182,632,816,7051,5042,0,1460,10244,250,111,0,42,2617,188,1029,2165,17,5395,159,2971,3348
206,2020-10-06,13,5795,224,1184,1265,129,0,2676,519,1335,1206,250,738,847,9993,7871,0,1570,12258,135,270,8,68,2673,405,830,2121,25,5017,275,3500,3370
207,2020-10-07,23,5120,260,1307,1304,113,0,2871,432,1311,1283,282,621,829,10947,10606,0,1639,14578,249,128,20,53,2995,479,852,2151,99,5447,237,3389,3455
208,2020-10-08,17,5292,212,1188,1244,102,0,2726,432,1278,1284,213,696,784,10704,5445,0,1715,13395,190,96,2,21,3144,378,848,2138,12,5088,214,3133,3526
209,2020-10-09,24,5145,281,1019,1155,63,0,2860,489,1243,1250,199,636,768,10913,9250,0,1607,12134,131,127,7,152,2697,365,743,2180,33,5185,223,3207,3573
210,2020-10-10,16,5653,238,971,1140,96,0,2866,343,1221,1158,267,635,697,10517,11755,0,1616,11416,282,156,5,61,2854,337,858,2123,42,5242,171,3046,3591
211,2020-10-11,13,5210,149,396,1302,85,0,2780,432,1181,1065,164,569,574,9523,9347,0,1575,10792,234,139,13,70,2546,308,656,2144,39,5015,199,3267,3612
212,2020-10-12,18,3224,220,1521,732,94,0,1849,308,1169,1066,170,398,510,7606,5930,0,1478,7089,230,88,9,221,2423,188,562,2132,7,4879,109,2182,3583
213,2020-10-13,13,4622,194,1482,1223,71,0,3036,408,1158,1081,184,677,701,8191,8764,0,1463,8522,237,67,18,123,2275,267,676,2035,50,4666,217,2957,3631
214,2020-10-14,10,3892,207,1427,1326,72,0,3324,356,1175,1205,246,701,633,9265,6244,0,5515,10552,301,153,10,53,2604,241,549,2021,42,4462,181,2593,3677
215,2020-10-15,16,4038,203,769,1276,74,0,3483,332,1185,1199,295,648,583,8477,7789,0,1308,10226,284,173,8,76,2470,241,470,2039,41,4410,172,2672,3720
216,2020-10-16,10,3967,198,767,1062,55,0,3428,321,1191,1227,219,697,473,7542,7283,0,1352,11447,337,139,9,112,2138,280,507,2010,31,4389,162,2552,3771
217,2020-10-17,11,3676,179,642,1173,50,0,3259,309,1161,1148,275,610,542,7184,9016,0,1222,10259,426,101,16,94,2196,212,417,1992,36,4295,134,2725,3865
218,2020-10-18,25,3986,57,318,1152,64,0,3299,187,1091,952,170,578,385,7012,7631,0,1030,9060,322,104,8,118,2019,163,476,1985,30,3914,141,2486,3983
219,2020-10-19,18,2918,238,698,912,40,0,2154,159,996,1201,168,427,490,5018,5022,0,1015,5984,315,28,0,137,1982,106,473,1960,4,3536,85,1719,3992
220,2020-10-20,15,3503,135,666,1837,57,0,3579,285,1126,940,222,589,572,6297,6591,0,975,8151,284,57,27,67,1904,205,487,1897,42,3094,135,2289,4029
221,2020-10-21,27,3746,134,701,1277,54,0,3686,308,1137,1193,264,624,647,5872,8369,0,1118,8142,214,28,30,119,1931,170,498,1810,34,3086,112,2321,4069
222,2020-10-22,16,3620,165,508,1058,51,0,3882,247,1136,1128,223,584,549,5778,7482,0,1045,7539,345,99,31,157,1913,210,605,1822,50,3077,125,2383,4157
223,2020-10-23,23,3765,68,427,1093,72,0,4086,227,1112,1270,196,586,435,5356,8511,0,953,7347,156,81,18,140,1793,154,464,1815,43,3057,145,2202,4143
224,2020-10-24,18,3342,66,258,1054,57,0,4116,218,1021,1299,173,577,383,4471,8253,0,1004,6417,245,83,30,79,1695,126,483,1852,49,2886,65,2178,4148
225,2020-10-25,20,2997,33,204,749,61,0,4136,211,919,1240,157,532,258,4439,6843,0,951,6059,138,136,58,111,1633,81,415,1821,16,2869,86,2032,4127
226,2020-10-26,8,1901,147,215,513,47,0,2832,290,908,1153,216,364,220,3130,4287,0,720,3645,264,0,46,37,1480,143,336,1805,5,2708,36,1798,4121
227,2020-10-27,21,2901,81,403,678,67,0,4853,215,992,1248,231,452,318,3691,5457,0,514,5363,180,70,34,63,1247,146,346,1796,23,2522,36,1986,3957
228,2020-10-28,15,2949,108,448,780,60,0,5673,221,980,1518,332,536,345,3146,8790,0,788,6738,205,90,80,61,1540,101,526,1785,12,2516,160,1980,3924
229,2020-10-29,16,2905,88,398,783,80,0,5739,233,987,1594,327,551,395,4025,7020,0,728,5902,242,77,49,70,1617,178,464,1790,18,2652,113,1861,3989
230,2020-10-30,12,2886,84,380,1018,59,0,5891,215,969,1650,101,566,323,3589,6638,0,691,6190,221,77,38,51,1547,147,431,1794,20,2608,97,2187,3979
231,2020-10-31,15,2783,100,336,800,67,0,5062,210,935,1743,482,455,474,3014,7983,0,669,5548,230,70,28,102,1470,105,500,1780,27,2511,54,1781,3993
232,2020-11-01,8,2618,29,166,777,58,0,5664,142,860,1670,205,540,326,3652,7025,0,723,5369,248,155,34,28,1709,96,317,1754,18,2504,77,1969,3987
233,2020-11-02,12,1916,117,465,577,52,0,4001,186,875,1566,334,385,403,2576,4138,0,635,4009,341,71,1,21,1389,69,396,1748,9,2481,58,1777,3957
234,2020-11-03,20,2849,85,379,846,80,0,6725,235,954,1684,334,478,397,2756,6862,0,667,4909,150,63,35,55,1201,147,415,1725,37,2435,137,1726,3981
235,2020-11-04,17,2477,77,380,541,94,0,6842,183,975,1952,433,512,301,3377,8516,0,707,5505,262,60,101,56,1474,104,527,1770,62,2487,116,2167,3987
236,2020-11-05,14,2745,84,313,741,92,0,6715,172,990,2064,444,524,355,3156,6820,0,734,5246,222,92,65,57,1385,121,521,1810,29,2348,132,1852,3948
237,2020-11-06,17,2410,81,335,746,133,0,7178,203,1035,2267,88,581,356,2960,7002,0,778,6870,166,86,32,63,1494,125,647,1797,49,2370,110,2173,3942
238,2020-11-07,21,2367,64,248,819,98,0,6953,169,1046,2011,915,532,340,2258,7201,0,865,3959,240,68,42,128,1372,69,477,1841,51,2341,87,1894,3928
239,2020-11-08,9,2237,47,152,801,109,0,7745,149,1020,2380,674,555,203,2740,5440,0,891,5585,245,155,58,19,1434,94,487,1872,50,2334,83,2142,3920
240,2020-11-09,13,1392,48,328,865,115,0,5023,144,971,2427,711,460,246,1963,3593,0,809,3277,182,28,6,29,1219,62,554,1859,12,2257,26,1627,3907
241,2020-11-10,14,1886,97,271,798,90,0,7830,180,1049,2546,611,492,252,2362,6010,0,900,3791,219,66,60,33,987,100,486,1902,51,2146,79,2121,3891
242,2020-11-11,17,1732,76,245,702,95,0,8593,109,1125,2546,610,507,284,2584,7007,0,883,4907,180,72,61,42,1220,114,699,2080,36,2184,84,1848,3872
243,2020-11-12,13,1728,44,202,523,109,0,7053,107,1120,2788,765,617,269,2116,5537,0,1046,4496,254,144,25,37,986,65,685,2176,25,2112,59,2265,3856
244,2020-11-13,11,1593,57,233,581,93,0,7802,156,1152,2688,825,626,288,2016,5804,0,1048,4132,214,70,67,23,1018,73,736,2144,47,1939,76,2178,3835
245,2020-11-14,9,1657,34,107,588,0,0,7340,84,1124,2118,322,565,154,2154,6357,0,1012,4237,211,51,59,112,902,47,0,2162,41,1912,78,2301,3823
246,2020-11-15,9,1056,20,93,247,168,0,3235,58,1070,1957,383,460,129,1565,4581,0,870,2544,235,35,25,135,753,25,1053,2184,42,1819,26,1401,3053
247,2020-11-16,21,753,56,186,517,82,0,3797,125,926,2153,443,390,166,1157,2710,0,597,2535,178,41,3,140,749,13,424,2169,23,1725,17,1546,3012
248,2020-11-17,17,1395,36,242,513,136,0,6396,154,1125,2450,584,572,261,1336,5792,0,922,2732,159,85,48,163,644,72,515,2194,27,1652,77,1420,3654
249,2020-11-18,19,1236,41,169,734,145,0,7486,162,1281,2562,661,574,251,1791,6419,0,1209,5011,110,76,37,178,868,56,798,2178,29,1714,73,2346,3668
250,2020-11-19,11,1316,31,175,794,155,0,7546,136,1340,2212,796,560,230,1849,5722,0,1363,5535,230,109,32,94,868,68,782,2549,32,1707,105,2532,3620
251,2020-11-20,13,1221,25,164,495,150,0,6608,152,1420,3104,588,661,185,1781,6028,0,1528,5640,200,173,28,148,757,52,818,2762,23,1688,75,2840,3626
252,2020-11-21,14,1160,36,223,278,119,0,5879,116,1515,2666,915,608,175,1781,5772,0,1700,5760,270,117,66,66,778,63,672,3007,59,1663,75,2235,3639
253,2020-11-22,10,1121,24,86,385,80,0,6746,78,1495,2279,627,564,137,1704,5254,0,1798,5753,382,70,40,103,638,45,679,3260,31,1655,48,2557,3591
254,2020-11-23,15,545,31,169,412,98,0,4454,75,1487,2663,454,351,219,1509,3757,0,1701,4153,250,58,13,75,668,25,711,3232,14,1624,19,2053,3557
255,2020-11-24,11,1085,52,157,653,79,0,6224,167,1510,2329,948,431,233,1870,5420,0,1766,5439,290,57,50,79,642,51,608,3314,41,1557,59,2217,3545
256,2020-11-25,10,831,30,182,763,87,0,5246,125,1540,2197,837,489,237,1630,6491,0,1773,6159,193,59,35,60,730,51,770,3285,42,1534,35,2305,3528
257,2020-11-26,5,1031,30,150,682,116,0,5475,148,1560,2122,931,487,230,1505,5378,0,1668,6406,159,68,20,69,644,20,843,3180,52,1464,50,2094,3507
258,2020-11-27,7,733,27,149,698,106,0,5482,150,1607,2135,830,565,189,1526,3966,0,1645,6185,222,52,23,31,594,16,808,3093,37,1442,32,2298,3489
259,2020-11-28,9,625,31,163,713,89,0,4998,198,1598,1967,650,512,209,1522,6250,0,1634,5965,235,71,18,24,550,46,719,2765,59,1430,31,2152,3459
260,2020-11-29,6,620,7,134,606,96,0,4906,115,1564,1809,1026,471,198,1291,5643,0,1514,5544,161,36,17,44,518,33,733,2581,19,1459,0,1974,3367
261,2020-11-30,6,381,13,159,457,67,0,3726,159,1502,1604,515,370,167,998,3382,0,1383,3837,135,70,2,27,418,33,553,2677,4,1410,54,2015,2671
262,2020-12-01,8,685,14,222,482,128,0,4006,161,1477,1871,709,454,181,1330,5375,0,1357,4930,198,65,22,23,378,52,618,2347,42,1404,31,1657,3315
263,2020-12-02,5,663,24,173,680,105,0,3944,117,1512,1607,633,452,206,1440,6316,0,1439,3350,147,79,22,45,480,59,599,1990,40,1428,38,1763,3271
264,2020-12-03,6,664,28,165,571,75,0,3734,124,1540,1635,837,582,233,1446,5376,0,1450,5182,146,51,12,29,434,40,756,2086,28,1416,39,1920,3246
265,2020-12-04,13,599,19,169,619,111,0,4067,94,1510,1602,803,544,219,1247,5718,0,1324,5229,155,62,7,22,377,46,724,1934,47,1391,33,1951,3206
266,2020-12-05,5,630,17,157,573,98,0,3419,115,1514,1557,905,501,196,1325,5848,0,1352,4922,166,97,25,35,409,44,636,2076,21,1366,24,1833,3175
267,2020-12-06,11,667,11,97,585,101,0,2706,112,1455,1498,553,531,92,1321,4777,0,1455,4757,216,73,21,39,393,35,802,2089,26,1320,31,1932,3143
268,2020-12-07,15,316,20,166,439,86,0,1674,90,1380,1392,739,280,179,998,3272,0,1452,3075,152,77,2,39,368,26,613,1927,6,1312,6,1453,2214
269,2020-12-08,5,551,22,94,684,126,0,3188,159,1325,1391,504,470,182,1280,5032,0,1345,4026,171,96,32,61,349,41,492,1604,13,1236,28,1776,2941
270,2020-12-09,5,618,24,146,690,83,0,2463,101,1318,1400,729,369,191,1279,4875,0,1272,4981,138,101,9,29,386,28,597,1511,24,1232,20,1326,2956
271,2020-12-10,8,538,18,140,595,88,0,1575,95,1270,1250,773,366,173,1238,4470,0,1319,3824,151,75,7,94,343,24,628,1592,26,1220,31,1662,2801
272,2020-12-11,7,520,18,127,618,92,0,2385,104,1223,1065,651,434,174,1210,4642,0,1222,4268,174,59,23,32,387,43,543,1473,27,1235,21,1561,2753
273,2020-12-12,7,510,7,152,596,70,0,1935,70,1204,1008,597,419,189,1203,5949,0,1282,4259,177,98,17,42,335,38,480,1307,26,1218,18,1410,2710
274,2020-12-13,13,506,9,73,500,66,0,1984,57,1175,990,424,382,144,1196,4698,0,1181,3717,119,123,11,33,393,48,621,1290,22,1195,23,1424,2580
275,2020-12-14,16,305,23,146,425,76,0,1376,112,1120,993,386,246,212,830,2707,0,1058,2949,54,75,5,19,332,21,459,1250,2,1141,10,1172,1834
276,2020-12-15,8,500,17,142,572,62,0,1617,92,1110,822,435,346,209,1185,5218,0,1073,3442,83,66,9,33,300,37,394,1045,25,1132,9,1336,2289
277,2020-12-16,8,478,21,97,565,67,0,1547,91,1160,807,484,332,190,1240,6185,0,1079,-5914,81,65,31,26,407,32,330,1247,33,1181,24,1199,2293
278,2020-12-17,10,534,29,106,588,62,0,1363,88,1115,714,463,385,211,1236,4969,0,1161,3880,81,69,5,33,351,40,448,1122,8,1174,17,1528,2245
279,2020-12-18,9,458,8,102,535,74,0,1418,104,1075,749,482,388,274,1222,5456,0,1181,3994,86,48,9,12,358,48,439,1076,33,1134,21,1405,2239
280,2020-12-19,6,479,18,96,712,65,0,1139,127,1026,590,385,301,247,1152,6293,0,1085,3940,58,32,16,9,356,45,435,989,122,1127,26,1205,2155
281,2020-12-20,6,438,1,63,599,29,0,1091,88,1010,577,319,257,172,1194,5711,0,1069,3811,48,32,12,1,372,33,337,978,12,1114,22,1230,1978
282,2020-12-21,7,214,22,101,287,55,0,803,79,960,553,294,232,173,772,3423,0,1035,2834,38,5,2,16,363,14,336,913,3,1071,8,990,1515
283,2020-12-22,5,402,5,75,497,56,0,939,96,988,534,332,308,209,1141,6049,0,1005,3106,39,41,9,8,319,49,287,807,34,1052,13,1203,1653
284,2020-12-23,3,379,12,95,640,82,0,871,125,958,495,437,250,202,958,6169,0,1007,3913,104,29,8,11,364,34,480,992,22,1066,15,818,1628
285,2020-12-24,5,357,9,95,668,43,0,1063,90,990,519,374,291,177,1143,5177,0,1038,3580,49,12,15,13,263,40,360,1001,32,1035,13,1126,1590
286,2020-12-25,11,355,0,61,640,36,0,758,80,910,408,292,284,168,1005,5397,0,1031,3431,67,29,22,5,325,29,316,1023,20,1027,9,1214,1541
287,2020-12-26,0,282,9,74,474,78,0,655,61,890,392,222,249,189,857,3527,0,1006,2854,33,2,0,2,334,33,305,785,115,1019,1,1098,1253
288,2020-12-27,12,349,2,29,545,63,0,757,72,850,362,158,260,125,911,4905,0,946,3314,53,5,4,0,303,48,279,843,46,1009,11,900,1435
289,2020-12-28,5,212,7,58,309,65,0,564,105,810,351,242,156,152,653,3047,0,876,2498,31,3,2,14,234,33,263,798,0,1005,7,940,1028
290,2020-12-29,7,326,13,66,622,64,0,703,112,804,414,214,234,230,662,5887,0,853,3018,36,8,6,6,263,42,210,626,19,957,2,1021,1244
291,2020-12-30,5,349,2,76,474,67,0,677,97,799,382,220,217,223,973,6268,0,866,3537,41,21,9,4,305,26,361,770,13,945,12,1025,1178
292,2020-12-31,4,338,8,72,392,66,0,574,85,780,271,163,227,240,952,5215,0,844,3509,51,0,5,6,315,36,283,689,12,937,6,0,1170
293,2021-01-01,1,326,0,40,463,51,0,585,69,734,286,193,256,128,877,4991,0,780,3524,18,0,12,2,245,32,248,609,12,921,4,1786,1153
294,2021-01-02,1,238,8,38,397,66,0,494,95,741,239,149,244,151,755,5328,0,731,3218,37,40,3,0,251,10,242,467,10,910,8,682,863
295,2021-01-03,1,232,5,15,282,16,0,424,65,715,218,67,182,137,810,4600,0,724,3282,38,12,4,1,192,50,207,502,9,867,6,737,896
296,2021-01-04,0,128,9,36,344,55,0,384,40,698,244,122,133,160,600,3021,0,621,4875,51,22,0,5,183,29,222,457,1,838,1,711,597
297,2021-01-05,1,377,3,41,411,90,0,442,80,655,259,102,137,151,815,5615,0,671,3160,86,24,11,2,198,47,211,397,17,820,1,729,812
298,2021-01-06,0,289,9,43,408,78,0,654,92,665,316,105,126,194,784,6394,0,730,4382,66,19,13,17,231,34,258,436,13,811,2,729,868
299,2021-01-07,9,295,4,57,377,43,0,486,119,667,274,131,127,195,761,5051,0,774,3729,47,11,9,6,230,35,277,509,14,805,8,503,921
300,2021-01-08,1,319,7,50,452,54,0,444,83,685,281,136,122,207,970,5142,0,614,3693,48,24,3,4,245,20,299,471,14,790,5,767,926
301,2021-01-09,0,199,3,34,493,50,0,519,81,675,279,84,127,236,899,5528,0,541,3581,67,32,16,11,206,36,248,430,5,761,0,1286,787
302,2021-01-10,1,227,5,25,359,44,0,399,66,671,234,86,113,145,792,4545,0,620,3558,14,19,17,3,260,30,299,475,4,724,8,275,823
303,2021-01-11,3,121,5,45,213,47,0,306,35,615,244,69,113,144,496,3110,0,485,2438,33,20,1,9,244,22,192,429,1,682,0,509,612
304,2021-01-12,3,197,5,55,344,36,0,386,92,602,192,75,113,127,751,5507,0,471,2936,32,20,6,10,225,18,254,293,7,671,2,495,751
305,2021-01-13,3,203,1,53,294,37,0,357,96,583,225,93,121,152,746,6004,0,456,3556,44,18,4,6,210,29,258,373,8,673,6,466,723
306,2021-01-14,7,179,15,19,314,23,0,340,103,570,187,62,79,144,408,5490,0,420,3579,18,18,7,32,222,43,213,281,7,665,5,501,680
307,2021-01-15,3,94,4,15,346,26,0,295,80,535,161,51,144,96,708,5624,0,429,3145,24,4,0,4,186,28,241,310,13,621,5,472,623
308,2021-01-16,3,114,6,32,239,39,0,299,83,505,167,71,109,119,584,5960,0,365,2910,24,2,4,15,178,16,175,238,5,610,4,523,609
309,2021-01-17,1,161,3,22,211,34,0,246,60,518,178,70,126,87,745,5005,0,355,3081,21,12,8,4,183,35,239,261,9,589,0,391,565
310,2021-01-18,5,81,1,33,144,27,0,161,53,495,119,35,82,100,435,3346,14,304,1924,11,2,1,3,134,23,124,213,0,551,3,376,389
311,2021-01-19,1,179,3,23,189,31,0,231,112,485,153,41,113,101,645,6186,7,304,2294,33,3,6,5,122,37,208,209,14,543,3,334,412
312,2021-01-20,2,173,0,32,209,28,0,228,87,490,105,63,109,125,501,6815,9,280,3015,19,7,5,1,157,31,199,213,5,549,1,390,409
313,2021-01-21,0,139,1,21,168,16,0,227,55,471,133,39,117,67,674,6334,18,301,2886,19,4,12,3,143,35,180,265,5,596,2,195,416
314,2021-01-22,1,137,1,17,168,25,0,266,70,451,120,41,88,75,324,6753,2,347,2779,15,2,3,2,154,22,206,201,1,574,4,303,406
315,2021-01-23,1,158,1,19,149,22,0,197,85,423,136,27,94,78,902,6960,7,291,2697,17,4,0,4,130,36,211,203,5,586,2,319,410
316,2021-01-24,0,158,1,16,131,32,0,185,53,410,128,21,73,54,573,6036,0,252,2752,16,5,2,0,150,30,197,167,3,569,0,268,389
317,2021-01-25,1,56,1,25,82,61,0,148,57,390,118,35,64,74,375,3361,10,200,1842,11,2,0,3,130,18,159,193,1,540,1,194,252
318,2021-01-26,0,172,1,8,160,0,0,157,70,380,96,12,74,65,529,6293,2,228,2405,6,6,5,2,99,32,129,125,6,523,1,301,295
319,2021-01-27,0,111,3,17,86,40,0,96,53,353,87,39,77,70,428,5659,0,185,2171,4,1,3,2,138,24,188,134,1,512,0,168,234
320,2021-01-28,0,117,3,29,134,36,0,199,85,346,97,60,63,62,550,5771,0,226,2889,15,8,3,1,113,39,200,85,5,503,0,248,289
321,2021-01-29,0,125,0,20,121,27,0,249,78,335,107,44,76,45,468,6268,1,171,2771,15,4,1,4,70,31,254,103,1,509,2,213,286
322,2021-01-30,0,129,1,29,123,17,0,183,93,323,97,94,76,49,464,6282,9,219,2630,15,8,3,2,108,43,224,104,3,505,2,242,310
323,2021-01-31,0,116,0,21,116,26,0,140,53,316,92,42,57,41,522,5266,8,226,2585,16,3,6,4,114,21,192,95,2,508,0,220,229
324,2021-02-01,0,64,0,13,75,32,0,121,60,298,92,25,44,42,388,3459,12,151,1948,4,0,0,5,79,28,194,96,1,502,1,171,179
325,2021-02-02,0,104,1,7,118,22,0,114,106,285,78,26,44,59,395,5716,20,168,1927,5,4,1,2,60,27,204,87,5,510,0,172,203
326,2021-02-03,0,95,0,14,92,36,0,150,63,283,69,59,65,46,426,6356,3,258,2992,9,6,3,16,71,23,187,92,2,514,0,195,201
327,2021-02-04,0,79,0,11,64,21,0,158,79,275,73,47,60,58,474,6102,4,166,2736,13,20,0,4,87,39,196,139,5,494,0,133,206
328,2021-02-05,3,97,0,7,90,24,0,154,56,267,84,71,66,41,430,5610,15,162,2628,9,27,4,5,97,50,199,116,2,489,1,158,194
329,2021-02-06,3,75,1,9,88,0,0,123,65,252,71,87,65,41,531,5942,10,197,2768,7,24,1,22,82,35,183,97,3,477,0,144,197
330,2021-02-07,1,73,0,8,53,47,0,119,42,244,67,45,59,38,487,6075,2,184,2673,9,40,1,10,72,22,207,75,2,471,0,113,193
331,2021-02-08,4,62,1,19,56,26,0,125,57,232,76,29,43,38,328,3742,1,193,2216,4,1,1,2,72,26,192,101,0,464,0,70,119
332,2021-02-09,2,70,0,27,92,21,0,100,59,234,93,68,55,61,366,5214,12,167,2515,7,7,3,6,105,35,185,90,0,469,1,107,146
333,2021-02-10,0,50,0,11,64,17,0,127,72,255,77,83,45,45,415,5980,15,141,3451,11,31,2,2,92,19,229,107,1,479,0,121,179
334,2021-02-11,0,87,1,10,57,13,0,142,45,285,106,36,65,45,430,5281,6,169,652,7,7,2,7,95,25,306,111,2,481,0,215,217
335,2021-02-12,0,68,0,8,78,19,0,141,39,268,104,30,91,36,380,5397,1,161,3670,11,1,1,1,58,19,246,108,3,483,0,103,188
336,2021-02-13,2,54,0,3,44,17,0,126,41,279,82,59,60,41,419,5471,36,194,3611,17,5,1,7,59,24,260,110,0,477,0,88,185
337,2021-02-14,0,55,0,5,51,18,0,150,42,247,77,21,73,41,414,4612,9,223,4092,13,5,0,6,73,8,234,103,2,470,0,101,190
338,2021-02-15,0,30,1,11,44,26,0,141,40,249,108,21,64,38,368,2884,1,203,3365,8,0,0,0,88,20,222,82,0,455,0,58,133
339,2021-02-16,4,60,0,5,56,29,0,94,48,263,86,19,58,32,438,4937,17,233,3663,9,2,3,1,60,20,247,60,3,451,0,105,151
340,2021-02-17,1,51,0,21,38,29,0,134,46,278,82,34,84,45,378,4892,10,251,4787,10,1,1,0,75,18,341,101,0,454,2,57,133
341,2021-02-18,0,67,3,14,63,30,0,130,52,263,83,16,87,38,406,4584,2,241,5427,2,1,3,1,63,20,268,104,5,457,2,143,181
342,2021-02-19,0,79,0,23,67,19,0,158,45,266,93,32,81,51,386,4505,9,297,6112,5,5,6,0,53,14,383,93,1,448,0,39,194
343,2021-02-20,0,54,0,16,57,26,0,152,57,258,111,22,68,37,490,4650,5,257,6281,3,1,2,0,65,29,352,98,1,438,35,114,193
344,2021-02-21,0,88,0,9,94,28,0,145,39,283,121,19,84,31,413,4070,3,299,6971,4,0,2,1,58,23,348,82,4,452,0,79,182
345,2021-02-22,1,41,0,14,84,38,0,128,29,315,106,18,58,41,317,2212,15,294,5210,3,2,0,0,69,8,388,83,0,449,2,0,148
346,2021-02-23,1,70,0,21,59,37,0,145,57,348,131,20,94,50,383,4034,21,246,6218,3,1,1,0,62,28,414,76,0,442,4,190,189
347,2021-02-24,0,94,0,27,54,41,0,200,52,380,130,34,74,32,334,4106,6,346,8807,7,3,3,0,68,28,558,99,0,463,2,128,202
348,2021-02-25,0,82,0,30,61,49,0,220,71,424,166,42,108,76,453,3677,9,368,8702,3,3,0,6,89,21,563,128,1,467,0,129,199
349,2021-02-26,1,96,0,34,46,69,0,256,100,460,148,44,85,68,571,3671,2,332,8333,7,0,6,0,94,20,622,149,2,481,7,118,216
350,2021-02-27,1,118,0,9,45,60,0,243,61,451,199,55,97,42,523,3792,26,390,8623,11,0,3,1,86,20,593,102,2,486,0,77,210
351,2021-02-28,2,117,0,10,25,51,0,197,54,407,174,47,58,44,521,3254,23,363,8293,2,1,1,1,87,8,579,156,8,479,0,100,192
352,2021-03-01,0,58,1,33,22,69,0,175,40,427,166,132,63,37,349,1938,15,336,6397,1,1,0,0,86,9,633,119,0,474,10,81,198
353,2021-03-02,0,106,1,15,41,67,0,217,47,454,175,23,85,51,437,2938,10,331,7863,8,3,3,0,74,29,729,102,2,462,0,103,171
354,2021-03-03,2,135,0,8,31,56,0,240,70,475,240,77,104,31,528,2765,7,417,9855,1,0,1,5,97,14,772,215,3,489,3,77,225
355,2021-03-04,2,102,0,20,40,78,0,261,69,480,294,65,79,61,571,2616,12,440,8998,0,0,0,5,81,17,1071,156,4,482,2,119,209
356,2021-03-05,0,124,1,29,38,76,0,312,79,515,233,72,81,44,677,2776,43,457,10216,3,2,1,0,91,30,808,195,3,543,0,127,255
357,2021-03-06,0,115,0,7,22,122,0,321,70,571,323,45,79,44,580,2791,5,467,10187,2,0,0,1,54,19,1159,233,10,562,2,130,259
358,2021-03-07,0,136,0,19,30,80,0,286,48,575,305,59,112,42,622,2100,13,429,11141,3,4,0,6,70,25,1043,176,7,567,0,115,188
359,2021-03-08,2,74,0,14,21,79,0,239,54,555,231,79,70,53,436,1412,8,427,8744,5,1,0,0,59,14,1229,179,0,556,0,101,215
360,2021-03-09,2,118,0,22,41,105,0,320,75,581,336,42,77,62,590,2316,15,457,9927,2,4,4,0,57,26,1027,179,1,569,0,147,188
361,2021-03-10,0,120,1,22,44,87,0,370,69,675,359,108,97,62,760,2475,15,516,13659,7,6,2,0,69,24,1393,188,3,671,0,121,241
362,2021-03-11,0,174,0,19,45,108,0,409,69,710,442,92,75,31,783,2133,45,530,14317,4,2,0,0,63,22,1305,203,1,685,1,143,244
363,2021-03-12,1,210,0,21,28,135,0,431,82,715,385,88,73,57,833,1780,18,603,15817,1,1,1,4,64,30,1408,237,4,670,0,167,277
364,2021-03-13,1,175,0,14,38,144,0,419,93,775,424,70,99,43,921,2035,16,675,15602,1,6,0,4,65,31,1510,201,1,695,2,0,276
365,2021-03-14,1,298,0,17,50,120,0,407,66,810,440,78,105,61,934,1792,1,743,16620,2,5,1,0,71,15,1492,250,0,759,2,332,283
366,2021-03-15,0,147,0,20,26,148,0,368,89,890,420,75,94,67,932,1054,2,797,15051,0,0,1,0,66,14,1818,251,0,836,0,151,251
367,2021-03-16,1,261,1,22,49,147,0,425,94,954,523,119,97,76,1135,1970,19,817,17864,2,3,2,0,65,24,1463,241,7,867,11,214,255
368,2021-03-17,3,253,0,33,58,201,0,536,73,1122,555,167,126,82,1275,2098,14,832,23179,8,2,3,0,82,52,2013,313,3,945,1,260,303
369,2021-03-18,1,218,1,33,107,211,0,607,98,1276,633,171,140,97,1488,1899,5,917,25833,2,3,3,0,84,81,2369,327,2,989,3,314,323
370,2021-03-19,2,246,0,19,90,214,0,716,100,1415,872,182,152,105,1587,1984,3,1140,25681,1,3,0,0,110,61,2470,402,3,1087,10,380,347
371,2021-03-20,0,380,0,27,88,203,0,813,154,1565,821,148,140,123,1798,2078,0,1308,27126,6,4,1,0,120,60,2578,445,5,1243,5,441,383
372,2021-03-21,1,368,0,25,126,239,0,823,98,1580,867,141,158,83,1715,1875,18,1322,30535,3,0,1,0,98,64,2644,476,2,1289,5,488,422
373,2021-03-22,0,310,0,30,90,208,0,888,85,1640,865,200,132,110,1445,1239,25,1348,24645,4,4,1,0,146,47,2299,602,0,1385,0,538,368
374,2021-03-23,0,492,0,52,111,214,0,1101,133,1730,895,157,157,130,2010,1985,6,1502,28699,13,1,3,0,113,87,2254,480,2,1437,6,633,404
375,2021-03-24,2,585,0,41,170,249,0,1254,140,1790,981,266,195,194,2298,2456,2,1712,31855,10,2,1,1,170,125,2613,669,2,1636,9,734,462
376,2021-03-25,1,758,0,40,258,226,0,1515,189,1961,1053,315,172,278,2523,1989,9,1885,35952,3,3,2,2,214,95,2661,715,2,1779,1,830,516
377,2021-03-26,1,984,1,37,211,248,0,1534,113,2190,1322,351,210,308,2566,1825,6,2091,36902,6,7,6,1,234,96,3122,853,3,1971,0,1028,646
378,2021-03-27,1,947,2,46,195,294,0,1558,170,2276,1383,416,271,340,2886,2055,0,2142,35726,3,2,3,0,210,128,2805,852,11,2089,10,1050,812
379,2021-03-28,2,1005,0,48,351,296,0,1881,131,2270,1392,277,309,314,3082,2216,1,2276,40414,9,1,2,1,290,137,2870,1081,1,2194,0,1447,827
380,2021-03-29,6,997,0,40,239,274,0,1904,128,2252,995,321,235,155,2792,1549,0,2323,31643,6,2,0,3,208,125,2868,902,0,2279,3,1280,639
381,2021-03-30,29,993,0,53,74,265,0,992,127,2220,980,339,359,418,2975,2389,3,2173,27918,2,22,3,0,218,115,2188,665,6,2342,0,918,628
382,2021-03-31,2,1184,0,49,259,266,0,1819,200,2360,1106,285,373,693,4225,2653,5,2332,39544,5,9,5,107,297,127,2944,906,2,2579,0,1198,982
383,2021-04-01,1,1271,0,58,488,257,0,2790,265,2410,1609,409,461,690,4234,2798,3,2546,43183,1,2,3,5,394,260,3161,1350,6,2817,24,2589,1274
384,2021-04-02,0,1288,1,63,662,287,0,3594,280,2640,1861,406,517,694,4991,2508,7,2777,47913,5,15,8,16,461,213,2873,1422,4,3290,4,2953,1733
385,2021-04-03,14,1398,3,68,836,310,0,3567,219,2815,1959,418,501,873,4373,2541,7,2839,49447,9,24,3,1,452,191,2686,1675,6,3446,2,3187,1736
386,2021-04-04,11,1730,0,69,864,341,0,4033,265,2875,1904,404,573,787,4553,2802,1,3178,57074,8,16,3,1,471,227,3006,1729,6,3581,14,4136,1957
387,2021-04-05,7,1326,2,70,935,285,0,3548,247,3160,2040,567,442,1086,5279,2357,3,3398,47288,5,4,1,2,573,180,2692,2429,6,3672,3,3974,1961
388,2021-04-06,7,1941,2,92,1080,319,0,5100,387,3280,2099,428,561,1264,6150,3502,7,3722,55469,7,9,9,0,588,237,2905,2236,23,3645,14,5895,2058
389,2021-04-07,8,2331,8,195,1527,399,0,5506,527,3575,2366,653,812,1312,6976,3502,19,4043,59907,12,5,8,11,791,173,2963,2801,31,3986,21,6002,2390
390,2021-04-08,18,2558,12,245,1911,324,0,7437,582,4021,2872,621,835,1882,6570,4353,8,4324,56286,16,25,14,5,879,293,3070,3526,6,4276,37,8474,2783
391,2021-04-09,12,2765,2,281,2174,422,0,8521,428,4541,2994,662,808,1925,7955,5063,6,4882,58993,12,42,36,7,1282,223,3404,3970,6,5441,32,9587,3648
392,2021-04-10,14,3309,3,405,3469,398,0,7897,540,5011,2937,943,1005,2373,6955,6194,10,4986,55411,11,39,25,12,1374,272,3239,4401,22,5989,41,12748,4043
393,2021-04-11,15,3495,4,352,3756,402,0,10774,525,5469,3440,570,915,2296,10250,6986,5,5939,63294,10,28,29,5,1379,306,3039,5105,54,6618,48,15276,4398
394,2021-04-12,11,3263,6,583,2999,424,0,11491,476,6021,3818,1089,991,2366,9579,5692,14,6489,51751,18,26,7,11,1741,512,3451,5771,5,6711,10,13604,4511
395,2021-04-13,8,4228,14,590,4157,397,0,13468,562,6690,3845,619,1269,2844,8778,7515,21,8998,60212,26,87,36,11,1784,418,2980,5528,25,6984,62,17963,4817
396,2021-04-14,38,4157,10,385,4786,421,0,17282,473,7410,5398,925,1086,3198,11265,8778,11,9720,58952,21,98,30,13,2267,476,3302,6200,21,7819,39,20439,5892
397,2021-04-15,15,5086,8,499,6133,412,0,16699,757,8152,5858,1034,1141,3480,14738,8126,56,10166,61695,18,97,37,42,2989,413,4311,6658,41,7987,0,22339,6769
398,2021-04-16,27,6096,28,573,6253,481,0,19486,927,8920,6277,842,1144,3843,14859,10031,44,11045,63729,31,121,25,22,3108,531,3891,7359,22,8449,31,27360,6910
399,2021-04-17,42,7224,19,876,7870,431,0,24375,762,9541,7717,1392,1145,3838,17489,13835,106,11269,67123,39,95,62,32,3144,715,4431,9046,72,9344,58,27334,7713
400,2021-04-18,59,6582,20,639,8690,625,0,25462,951,10340,7177,788,1526,3992,19067,18257,114,12248,68631,72,71,50,19,3664,663,4900,10262,105,10723,69,30566,8419
401,2021-04-19,31,5963,65,1367,7487,612,0,23686,940,11403,6842,1695,1516,4290,15785,13644,117,12897,58924,54,110,45,13,4445,565,4622,11967,9,10941,32,28211,8426
