country_region,date,retail_and_recreation_percent_change_from_baseline,grocery_and_pharmacy_percent_change_from_baseline,parks_percent_change_from_baseline,transit_stations_percent_change_from_baseline,workplaces_percent_change_from_baseline,residential_percent_change_from_baseline,7_day_lagged_retail_and_recreation,7_day_lagged_grocery_and_pharmacy,7_day_lagged_parks,7_day_lagged_transit_stations,7_day_lagged_workplaces,7_day_lagged_residential,new_cases_smoothed,new_deaths_smoothed,new_tests_smoothed,population,pop density,median_age,aged_65_older,aged_70_older
United Kingdom,2020-02-15,-12,-7,-35,-12,-4,2,,,,,,,0.714,0,,67886004,272.898,40.8,18.517,12.527
United Kingdom,2020-02-16,-7,-6,-28,-7,-3,1,,,,,,,0.571,0,,67886004,272.898,40.8,18.517,12.527
United Kingdom,2020-02-17,10,1,24,-2,-14,2,,,,,,,0.714,0,,67886004,272.898,40.8,18.517,12.527
United Kingdom,2020-02-18,7,-1,20,-3,-14,2,,,,,,,0.571,0,,67886004,272.898,40.8,18.517,12.527
United Kingdom,2020-02-19,6,-2,8,-4,-14,3,,,,,,,0.571,0,,67886004,272.898,40.8,18.517,12.527
United Kingdom,2020-02-20,5,-2,4,-5,-14,3,,,,,,,0.714,0,,67886004,272.898,40.8,18.517,12.527
United Kingdom,2020-02-21,5,-1,10,-3,-15,3,,,,,,,0.714,0,,67886004,272.898,40.8,18.517,12.527
United Kingdom,2020-02-22,-4,-2,-7,-2,-2,1,1.5,-2.83333333333333,-1.16666666666667,-5.5,-10.5,2.16666666666667,0.714,0,,67886004,272.898,40.8,18.517,12.527
United Kingdom,2020-02-23,-1,-2,-5,3,-1,0,4.33333333333333,-1.83333333333333,6.33333333333333,-4,-12.3333333333333,2.33333333333333,1.429,0,,67886004,272.898,40.8,18.517,12.527
United Kingdom,2020-02-24,-3,-1,-9,-2,-2,1,4.83333333333333,-1.16666666666667,9.83333333333333,-3.16666666666667,-12.1666666666667,2.33333333333333,1.571,0,,67886004,272.898,40.8,18.517,12.527
United Kingdom,2020-02-25,-1,4,3,1,1,0,3,-1.66666666666667,5,-2.33333333333333,-10,2,2.143,0,,67886004,272.898,40.8,18.517,12.527
United Kingdom,2020-02-26,1,0,6,-1,1,0,1.33333333333333,-1.66666666666667,0.166666666666667,-2.16666666666667,-8,1.83333333333333,2.429,0,,67886004,272.898,40.8,18.517,12.527
United Kingdom,2020-02-27,2,1,8,0,0,0,0.166666666666667,-0.666666666666667,-0.666666666666667,-1.33333333333333,-5.5,1.33333333333333,3.143,0,,67886004,272.898,40.8,18.517,12.527
United Kingdom,2020-02-28,1,1,-13,0,-1,1,-0.5,-0.333333333333333,-0.333333333333333,-0.666666666666667,-3,0.833333333333333,4.714,0,,67886004,272.898,40.8,18.517,12.527
United Kingdom,2020-02-29,1,1,-14,-2,0,0,-1,0,-0.666666666666667,-0.166666666666667,-0.5,0.333333333333333,5.429,0,,67886004,272.898,40.8,18.517,12.527
United Kingdom,2020-03-01,7,2,14,5,1,-1,-0.166666666666667,0.5,-1.66666666666667,0.166666666666667,-0.333333333333333,0.333333333333333,9.429,0,,67886004,272.898,40.8,18.517,12.527
United Kingdom,2020-03-02,4,4,14,0,1,0,0.166666666666667,1,-3.16666666666667,-0.666666666666667,-0.166666666666667,0.333333333333333,14.857,0,,67886004,272.898,40.8,18.517,12.527
United Kingdom,2020-03-03,2,3,11,-1,1,0,1.83333333333333,1.5,0.666666666666667,0.5,0.333333333333333,0,22.143,0,,67886004,272.898,40.8,18.517,12.527
United Kingdom,2020-03-04,2,3,2,-2,1,1,2.66666666666667,1.5,2.5,0.333333333333333,0.333333333333333,0,29.857,0,,67886004,272.898,40.8,18.517,12.527
United Kingdom,2020-03-05,-1,2,1,-3,0,1,2.83333333333333,2,3.33333333333333,0.333333333333333,0.333333333333333,0,35.857,0,,67886004,272.898,40.8,18.517,12.527
United Kingdom,2020-03-06,5,6,22,1,1,0,2.83333333333333,2.33333333333333,2.33333333333333,0,0.5,0.166666666666667,45.429,0.143,,67886004,272.898,40.8,18.517,12.527
United Kingdom,2020-03-07,0,2,7,-1,1,0,2.5,2.5,4.66666666666667,-0.5,0.666666666666667,0.166666666666667,52.571,0.286,,67886004,272.898,40.8,18.517,12.527
United Kingdom,2020-03-08,4,2,15,2,1,-1,3.16666666666667,3.33333333333333,10.6666666666667,0,0.833333333333333,0.166666666666667,55.571,0.286,,67886004,272.898,40.8,18.517,12.527
United Kingdom,2020-03-09,0,4,4,-3,0,1,2,3.33333333333333,9.5,-1,0.833333333333333,0.333333333333333,70.857,0.429,,67886004,272.898,40.8,18.517,12.527
United Kingdom,2020-03-10,-2,5,4,-4,0,1,2,3,9.66666666666667,-0.666666666666667,0.833333333333333,0.166666666666667,100,1,,67886004,272.898,40.8,18.517,12.527
United Kingdom,2020-03-11,0,5,10,-6,0,1,1.66666666666667,3.16666666666667,8.5,-1,0.666666666666667,0.333333333333333,150.714,1,,67886004,272.898,40.8,18.517,12.527
United Kingdom,2020-03-12,-1,11,5,-8,-1,2,1,3.5,8.83333333333333,-1.33333333333333,0.5,0.333333333333333,213.571,1.286,,67886004,272.898,40.8,18.517,12.527
United Kingdom,2020-03-13,-2,11,12,-9,-4,2,1.16666666666667,4,10.3333333333333,-1.83333333333333,0.5,0.333333333333333,270.857,1.286,,67886004,272.898,40.8,18.517,12.527
United Kingdom,2020-03-14,-10,7,1,-15,-2,2,0.166666666666667,4.83333333333333,7.5,-3.33333333333333,0.166666666666667,0.666666666666667,315,3.857,,67886004,272.898,40.8,18.517,12.527
United Kingdom,2020-03-15,-11,7,-1,-16,-4,2,-0.166666666666667,6.33333333333333,8.33333333333333,-4.66666666666667,-0.666666666666667,1,370.571,5.857,,67886004,272.898,40.8,18.517,12.527
United Kingdom,2020-03-16,-3,20,29,-16,-9,4,-2.5,7.16666666666667,6,-7.5,-1.16666666666667,1.5,437.429,9,,67886004,272.898,40.8,18.517,12.527
United Kingdom,2020-03-17,-15,21,6,-27,-16,7,-4.33333333333333,7.66666666666667,5.16666666666667,-9.66666666666667,-1.83333333333333,1.66666666666667,510.429,10.857,,67886004,272.898,40.8,18.517,12.527
United Kingdom,2020-03-18,-21,22,-3,-34,-23,10,-4.5,10.1666666666667,9.33333333333333,-11.6666666666667,-3.33333333333333,2.16666666666667,595.286,15.857,,67886004,272.898,40.8,18.517,12.527
United Kingdom,2020-03-19,-21,24,2,-37,-27,11,-7,12.8333333333333,8.66666666666667,-15.1666666666667,-6,3.16666666666667,677.714,22.143,,67886004,272.898,40.8,18.517,12.527
United Kingdom,2020-03-20,-28,10,6,-40,-29,13,-10.3333333333333,14.6666666666667,7.33333333333333,-19.5,-9.66666666666667,4.5,788.857,26.571,,67886004,272.898,40.8,18.517,12.527
United Kingdom,2020-03-21,-50,1,2,-46,-25,11,-13.5,16.8333333333333,5.66666666666667,-24.1666666666667,-13.5,6,910.429,32.143,,67886004,272.898,40.8,18.517,12.527
United Kingdom,2020-03-22,-56,-14,20,-46,-30,9,-16.5,17.3333333333333,6.5,-28.3333333333333,-18,7.83333333333333,1045.429,35.143,,67886004,272.898,40.8,18.517,12.527
United Kingdom,2020-03-23,-45,-8,1,-53,-45,17,-23,16.3333333333333,7,-33.3333333333333,-21.5,9.33333333333333,1293.143,42.714,,67886004,272.898,40.8,18.517,12.527
United Kingdom,2020-03-24,-71,-24,-14,-64,-58,24,-31.8333333333333,10.6666666666667,5.5,-38.3333333333333,-25,10.1666666666667,1523.429,61.429,,67886004,272.898,40.8,18.517,12.527
United Kingdom,2020-03-25,-73,-26,-12,-68,-64,26,-36.8333333333333,5.83333333333333,4.66666666666667,-42.6666666666667,-29.8333333333333,11.8333333333333,1767.857,83.714,,67886004,272.898,40.8,18.517,12.527
United Kingdom,2020-03-26,-74,-28,-11,-70,-66,27,-45.1666666666667,-1.83333333333333,2.83333333333333,-47.6666666666667,-35.6666666666667,14.1666666666667,2062.286,103.143,,67886004,272.898,40.8,18.517,12.527
United Kingdom,2020-03-27,-76,-29,-26,-71,-66,28,-53.8333333333333,-10.1666666666667,0.5,-52.8333333333333,-41.8333333333333,16.6666666666667,2346.714,139.714,,67886004,272.898,40.8,18.517,12.527
United Kingdom,2020-03-28,-83,-39,-54,-74,-57,20,-61.5,-16.5,-2.33333333333333,-57.8333333333333,-48,19,2579.286,173.143,,67886004,272.898,40.8,18.517,12.527
United Kingdom,2020-03-29,-85,-46,-52,-75,-55,15,-65.8333333333333,-21.5,-7,-62,-54.8333333333333,21.8333333333333,2794.143,198.571,,67886004,272.898,40.8,18.517,12.527
United Kingdom,2020-03-30,-74,-32,-33,-73,-69,27,-70.3333333333333,-25.6666666666667,-19.3333333333333,-66.6666666666667,-59.3333333333333,23.6666666666667,3076.714,241.143,,67886004,272.898,40.8,18.517,12.527
United Kingdom,2020-03-31,-74,-30,-21,-72,-70,27,-77,-32,-28.1666666666667,-70.3333333333333,-61,23.3333333333333,3384.143,277.714,,67886004,272.898,40.8,18.517,12.527
United Kingdom,2020-04-01,-75,-32,-29,-73,-69,28,-77.5,-33.3333333333333,-31.3333333333333,-71.8333333333333,-62.8333333333333,23.8333333333333,3706.571,346.571,,67886004,272.898,40.8,18.517,12.527
United Kingdom,2020-04-02,-75,-32,-24,-73,-70,29,-77.6666666666667,-34,-32.8333333333333,-72.5,-63.8333333333333,24,3964,414.429,,67886004,272.898,40.8,18.517,12.527
United Kingdom,2020-04-03,-76,-30,-25,-72,-69,29,-77.8333333333333,-34.6666666666667,-35.8333333333333,-73,-64.3333333333333,24.1666666666667,4211.429,478.571,,67886004,272.898,40.8,18.517,12.527
United Kingdom,2020-04-04,-81,-36,-38,-72,-57,19,-77.6666666666667,-35.1666666666667,-35.5,-73.3333333333333,-65,24.3333333333333,4387.143,545,,67886004,272.898,40.8,18.517,12.527
United Kingdom,2020-04-05,-82,-41,-29,-70,-54,15,-76.5,-33.6666666666667,-30.6666666666667,-73,-67,25.8333333333333,4495.429,600.429,,67886004,272.898,40.8,18.517,12.527
United Kingdom,2020-04-06,-73,-31,-20,-72,-70,27,-75.8333333333333,-32,-28.3333333333333,-72.5,-67.3333333333333,26.5,4636.714,628.429,,67886004,272.898,40.8,18.517,12.527
United Kingdom,2020-04-07,-73,-29,-7,-69,-70,27,-77.1666666666667,-33.5,-27.6666666666667,-72,-64.8333333333333,24.5,4772.714,728.571,17876,67886004,272.898,40.8,18.517,12.527
United Kingdom,2020-04-08,-73,-27,-14,-70,-70,27,-77,-33.6666666666667,-27.5,-72,-64.8333333333333,24.5,4799.714,779.857,18521,67886004,272.898,40.8,18.517,12.527
United Kingdom,2020-04-09,-71,-20,-13,-70,-70,27,-76.6666666666667,-33.1666666666667,-23.8333333333333,-71.3333333333333,-65,24.3333333333333,4796.429,845.571,19013,67886004,272.898,40.8,18.517,12.527
United Kingdom,2020-04-10,-78,-33,-18,-75,-80,32,-76.3333333333333,-32.3333333333333,-22.1666666666667,-70.8333333333333,-65,24,4708.714,900.714,15713,67886004,272.898,40.8,18.517,12.527
United Kingdom,2020-04-11,-81,-32,-37,-70,-57,19,-75.5,-30.6666666666667,-20.1666666666667,-70.5,-65.1666666666667,23.6666666666667,4643,913.143,15963,67886004,272.898,40.8,18.517,12.527
United Kingdom,2020-04-12,-89,-63,-33,-71,-58,16,-75,-30.1666666666667,-16.8333333333333,-71,-69,25.8333333333333,4627.143,921.143,16216,67886004,272.898,40.8,18.517,12.527
United Kingdom,2020-04-13,-78,-41,-21,-78,-83,31,-74.8333333333333,-28.6666666666667,-18.1666666666667,-71,-69.5,26.5,4468.429,943.286,16252,67886004,272.898,40.8,18.517,12.527
United Kingdom,2020-04-14,-71,-26,-10,-69,-70,27,-77.5,-34,-20.3333333333333,-70.8333333333333,-67.5,24.6666666666667,4305.857,939.714,16515,67886004,272.898,40.8,18.517,12.527
United Kingdom,2020-04-15,-72,-27,-6,-69,-69,27,-78.3333333333333,-36,-22.6666666666667,-72.3333333333333,-69.6666666666667,25.3333333333333,4296.857,918.571,16817,67886004,272.898,40.8,18.517,12.527
United Kingdom,2020-04-16,-73,-27,-7,-70,-69,28,-78,-35.8333333333333,-22,-72.1666666666667,-69.6666666666667,25.3333333333333,4359.286,907.571,17178,67886004,272.898,40.8,18.517,12.527
United Kingdom,2020-04-17,-75,-30,-33,-71,-68,29,-78.1666666666667,-37,-20.8333333333333,-72,-69.5,25.3333333333333,4448.286,877.714,17657,67886004,272.898,40.8,18.517,12.527
United Kingdom,2020-04-18,-81,-37,-47,-71,-54,19,-77.3333333333333,-36,-19,-71.1666666666667,-67.6666666666667,24.6666666666667,4608.714,915.429,18172,67886004,272.898,40.8,18.517,12.527
United Kingdom,2020-04-19,-80,-40,-12,-66,-49,14,-76.3333333333333,-35.6666666666667,-18.3333333333333,-71.3333333333333,-69.5,26.3333333333333,4654.571,883.429,18859,67886004,272.898,40.8,18.517,12.527
United Kingdom,2020-04-20,-71,-30,-2,-68,-67,25,-75,-31.3333333333333,-20.6666666666667,-71.3333333333333,-68.8333333333333,26.8333333333333,4749,862.143,21797,67886004,272.898,40.8,18.517,12.527
United Kingdom,2020-04-21,-72,-28,2,-67,-67,26,-75.3333333333333,-31.1666666666667,-19.1666666666667,-69.3333333333333,-63.1666666666667,24,4810,882.714,22726,67886004,272.898,40.8,18.517,12.527
United Kingdom,2020-04-22,-72,-28,1,-67,-66,27,-75.3333333333333,-31.8333333333333,-17.8333333333333,-69.1666666666667,-62.6666666666667,23.6666666666667,4867.857,878.857,23371,67886004,272.898,40.8,18.517,12.527
United Kingdom,2020-04-23,-72,-27,6,-67,-66,27,-75.3333333333333,-32,-16.5,-68.8333333333333,-62.3333333333333,23.5,4842.857,828,24386,67886004,272.898,40.8,18.517,12.527
United Kingdom,2020-04-24,-73,-26,-4,-66,-65,27,-75.1666666666667,-32.1666666666667,-15.1666666666667,-68.3333333333333,-61.8333333333333,23.3333333333333,4841.571,842.857,25399,67886004,272.898,40.8,18.517,12.527
United Kingdom,2020-04-25,-78,-32,-23,-65,-51,18,-74.6666666666667,-31.6666666666667,-8.66666666666667,-67.6666666666667,-61.5,23,4702.714,801.143,26514,67886004,272.898,40.8,18.517,12.527
United Kingdom,2020-04-26,-78,-37,-10,-64,-48,14,-73.3333333333333,-29.8333333333333,-1.5,-66.8333333333333,-63.3333333333333,24.3333333333333,4647.429,791.286,28271,67886004,272.898,40.8,18.517,12.527
United Kingdom,2020-04-27,-69,-29,-3,-66,-65,25,-73,-28.5,-3.33333333333333,-66.6666666666667,-63.6666666666667,25,4624.286,755.143,27761,67886004,272.898,40.8,18.517,12.527
United Kingdom,2020-04-28,-74,-33,-42,-71,-66,25,-74.1666666666667,-29.6666666666667,-4.66666666666667,-66,-60.5,23.1666666666667,4617.429,719,30975,67886004,272.898,40.8,18.517,12.527
United Kingdom,2020-04-29,-73,-30,-31,-69,-66,27,-73.6666666666667,-29.8333333333333,-5.5,-65.8333333333333,-60.1666666666667,23,4609.571,706.714,37362,67886004,272.898,40.8,18.517,12.527
United Kingdom,2020-04-30,-74,-28,-31,-69,-66,27,-74,-30.6666666666667,-12.6666666666667,-66.5,-60.1666666666667,22.6666666666667,4580.429,699.857,45227,67886004,272.898,40.8,18.517,12.527
United Kingdom,2020-05-01,-74,-27,-22,-67,-64,27,-74.1666666666667,-31.1666666666667,-18.8333333333333,-66.8333333333333,-60.1666666666667,22.6666666666667,4544.571,654.429,51787,67886004,272.898,40.8,18.517,12.527
United Kingdom,2020-05-02,-78,-30,-18,-63,-49,17,-74.3333333333333,-31.5,-23.3333333333333,-67.3333333333333,-60.3333333333333,22.6666666666667,4468.286,621.429,56716,67886004,272.898,40.8,18.517,12.527
United Kingdom,2020-05-03,-79,-37,-21,-64,-46,14,-73.6666666666667,-30.6666666666667,-23.1666666666667,-67.6666666666667,-62.5,24.1666666666667,4397.429,605.571,61943,67886004,272.898,40.8,18.517,12.527
United Kingdom,2020-05-04,-69,-27,4,-64,-64,24,-73.6666666666667,-29.5,-24.5,-67.5,-62.6666666666667,24.6666666666667,4208.714,598.429,68805,67886004,272.898,40.8,18.517,12.527
United Kingdom,2020-05-05,-70,-25,4,-64,-64,25,-75.3333333333333,-30.8333333333333,-27.5,-67.1666666666667,-59.5,22.8333333333333,4060.429,563.286,71218,67886004,272.898,40.8,18.517,12.527
United Kingdom,2020-05-06,-69,-22,16,-62,-63,25,-74.5,-29.8333333333333,-19.8333333333333,-66,-59.1666666666667,22.6666666666667,3829.857,545.571,72513,67886004,272.898,40.8,18.517,12.527
United Kingdom,2020-05-07,-67,-15,16,-62,-63,25,-74,-29,-14,-65.1666666666667,-58.8333333333333,22.3333333333333,3659.429,520.143,71710,67886004,272.898,40.8,18.517,12.527
United Kingdom,2020-05-08,-75,-28,14,-68,-77,30,-73.1666666666667,-28,-6.16666666666667,-64,-58.3333333333333,22,3419.714,503,72114,67886004,272.898,40.8,18.517,12.527
United Kingdom,2020-05-09,-78,-29,-6,-62,-48,17,-72,-26,0.166666666666667,-63.1666666666667,-58.1666666666667,21.6666666666667,3265.429,458.714,74055,67886004,272.898,40.8,18.517,12.527
United Kingdom,2020-05-10,-80,-37,-38,-68,-45,14,-71.5,-25.6666666666667,5.5,-64,-62.8333333333333,23.8333333333333,3171.857,453.571,75242,67886004,272.898,40.8,18.517,12.527
United Kingdom,2020-05-11,-67,-25,-8,-64,-62,24,-71.3333333333333,-24.3333333333333,8,-63.6666666666667,-63.1666666666667,24.3333333333333,3201.286,441.429,73929,67886004,272.898,40.8,18.517,12.527
United Kingdom,2020-05-12,-68,-23,7,-62,-62,24,-73.1666666666667,-26,1,-64.3333333333333,-60,22.6666666666667,3159.286,425.714,75706,67886004,272.898,40.8,18.517,12.527
United Kingdom,2020-05-13,-68,-23,6,-62,-61,25,-72.6666666666667,-26,-1,-64.3333333333333,-59.6666666666667,22.5,3082.714,397.286,76711,67886004,272.898,40.8,18.517,12.527
United Kingdom,2020-05-14,-67,-21,28,-61,-61,23,-72.5,-26.1666666666667,-2.5,-64.3333333333333,-59.5,22.3333333333333,2918,382.286,77745,67886004,272.898,40.8,18.517,12.527
United Kingdom,2020-05-15,-69,-21,21,-60,-60,24,-72.6666666666667,-27.5,-4.16666666666667,-64.3333333333333,-59.1666666666667,22.3333333333333,2842.143,349.571,79799,67886004,272.898,40.8,18.517,12.527
United Kingdom,2020-05-16,-74,-25,5,-58,-43,15,-71.3333333333333,-26.3333333333333,-1.83333333333333,-63.1666666666667,-56.5,21.1666666666667,2831,369,81828,67886004,272.898,40.8,18.517,12.527
United Kingdom,2020-05-17,-74,-29,27,-55,-39,12,-69.8333333333333,-25,2.66666666666667,-62.8333333333333,-58.5,22.3333333333333,2760.143,347.571,82510,67886004,272.898,40.8,18.517,12.527
United Kingdom,2020-05-18,-63,-20,36,-59,-59,22,-68.8333333333333,-23,9.83333333333333,-61.1666666666667,-58.1666666666667,22.5,2615.571,341.571,82469,67886004,272.898,40.8,18.517,12.527
United Kingdom,2020-05-19,-64,-18,51,-57,-59,22,-70,-23.6666666666667,15.6666666666667,-59.6666666666667,-54.3333333333333,20.5,2567.429,325.286,82921,67886004,272.898,40.8,18.517,12.527
United Kingdom,2020-05-20,-64,-16,68,-56,-59,22,-69.1666666666667,-23.1666666666667,20.5,-59.1666666666667,-53.8333333333333,20.1666666666667,2483.429,308.286,83315,67886004,272.898,40.8,18.517,12.527
United Kingdom,2020-05-21,-64,-16,51,-58,-59,23,-68.5,-22.3333333333333,28,-58.3333333333333,-53.5,19.6666666666667,2474.286,296.857,86309,67886004,272.898,40.8,18.517,12.527
United Kingdom,2020-05-22,-66,-18,14,-59,-58,24,-68,-21.5,34.6666666666667,-57.5,-53.1666666666667,19.5,2405.714,288.286,86288,67886004,272.898,40.8,18.517,12.527
United Kingdom,2020-05-23,-72,-23,-12,-59,-41,15,-67.1666666666667,-20.6666666666667,39.6666666666667,-57.1666666666667,-53,19.3333333333333,2325.143,261,86357,67886004,272.898,40.8,18.517,12.527
United Kingdom,2020-05-24,-71,-25,38,-52,-36,11,-65.8333333333333,-19.5,41.1666666666667,-57.3333333333333,-55.5,20.8333333333333,2257.857,305.571,83241,67886004,272.898,40.8,18.517,12.527
United Kingdom,2020-05-25,-64,-23,136,-60,-77,24,-65.5,-18.5,34.6666666666667,-58,-55.8333333333333,21.3333333333333,2120.143,299.571,94415,67886004,272.898,40.8,18.517,12.527
United Kingdom,2020-05-26,-60,-14,66,-55,-59,21,-66.8333333333333,-19.3333333333333,35,-56.8333333333333,-52,19.5,1920.286,246.714,94438,67886004,272.898,40.8,18.517,12.527
United Kingdom,2020-05-27,-61,-15,65,-55,-58,22,-66.8333333333333,-20.1666666666667,49.1666666666667,-57.3333333333333,-55,19.8333333333333,1791.286,260,93872,67886004,272.898,40.8,18.517,12.527
United Kingdom,2020-05-28,-60,-12,77,-55,-58,22,-66.1666666666667,-19.8333333333333,48.8333333333333,-57.1666666666667,-55,19.6666666666667,1674.429,270,93313,67886004,272.898,40.8,18.517,12.527
United Kingdom,2020-05-29,-62,-12,67,-53,-56,22,-65.6666666666667,-19.6666666666667,51.1666666666667,-56.6666666666667,-54.8333333333333,19.5,1598.286,267.571,95351,67886004,272.898,40.8,18.517,12.527
United Kingdom,2020-05-30,-69,-16,48,-49,-31,12,-64.6666666666667,-18.6666666666667,61.6666666666667,-56,-54.8333333333333,19.1666666666667,1541,258.143,96088,67886004,272.898,40.8,18.517,12.527
United Kingdom,2020-05-31,-67,-19,67,-45,-26,9,-63,-16.8333333333333,74.8333333333333,-55,-57.3333333333333,20.3333333333333,1500.286,212.571,99342,67886004,272.898,40.8,18.517,12.527
United Kingdom,2020-06-01,-56,-13,74,-51,-53,19,-62.6666666666667,-15.3333333333333,76.5,-54.5,-56.5,20.5,1476.143,210,88236,67886004,272.898,40.8,18.517,12.527
United Kingdom,2020-06-02,-59,-15,78,-51,-54,19,-63.1666666666667,-14.6666666666667,65,-52,-48,18,1449.143,227,90347,67886004,272.898,40.8,18.517,12.527
United Kingdom,2020-06-03,-62,-19,0,-57,-54,22,-62.5,-14.5,66.3333333333333,-51.3333333333333,-47,17.6666666666667,1383.429,203,93110,67886004,272.898,40.8,18.517,12.527
United Kingdom,2020-06-04,-61,-17,19,-56,-54,22,-62.1666666666667,-14.5,68.5,-50.6666666666667,-46.3333333333333,17.1666666666667,1312.286,172.571,92786,67886004,272.898,40.8,18.517,12.527
United Kingdom,2020-06-05,-63,-17,9,-56,-53,22,-62.5,-15.6666666666667,55.6666666666667,-51,-45.6666666666667,17.1666666666667,1255.429,170.286,92425,67886004,272.898,40.8,18.517,12.527
United Kingdom,2020-06-06,-70,-22,-17,-57,-33,14,-62.3333333333333,-16.5,47.6666666666667,-51.5,-45.3333333333333,17.1666666666667,1210.714,168.714,91940,67886004,272.898,40.8,18.517,12.527
United Kingdom,2020-06-07,-67,-23,22,-51,-28,10,-61.3333333333333,-16.6666666666667,41.1666666666667,-52.6666666666667,-49,18.8333333333333,1160.429,167.857,92625,67886004,272.898,40.8,18.517,12.527
United Kingdom,2020-06-08,-56,-17,44,-54,-52,19,-61.8333333333333,-17.1666666666667,27.1666666666667,-54.6666666666667,-50.1666666666667,19.6666666666667,1110.429,162.286,97603,67886004,272.898,40.8,18.517,12.527
United Kingdom,2020-06-09,-58,-17,56,-53,-52,20,-63.6666666666667,-18.8333333333333,18.5,-54.6666666666667,-46,18.1666666666667,1066,154.714,97847,67886004,272.898,40.8,18.517,12.527
United Kingdom,2020-06-10,-61,-19,-1,-58,-52,21,-63.1666666666667,-19.1666666666667,12.8333333333333,-55.1666666666667,-45.6666666666667,18.1666666666667,1042.714,141.857,97718,67886004,272.898,40.8,18.517,12.527
United Kingdom,2020-06-11,-59,-17,15,-58,-52,21,-62.5,-18.8333333333333,22.1666666666667,-54.5,-45.3333333333333,17.8333333333333,1009.714,134.143,98226,67886004,272.898,40.8,18.517,12.527
United Kingdom,2020-06-12,-61,-17,6,-57,-51,21,-62.5,-19.1666666666667,18.8333333333333,-54.8333333333333,-45,17.6666666666667,1001.714,116,97765,67886004,272.898,40.8,18.517,12.527
United Kingdom,2020-06-13,-65,-17,41,-49,-24,11,-61.8333333333333,-19.1666666666667,19.8333333333333,-55.1666666666667,-44.8333333333333,17.5,1015.143,110.857,98654,67886004,272.898,40.8,18.517,12.527
United Kingdom,2020-06-14,-63,-20,65,-46,-19,8,-60.3333333333333,-18.3333333333333,23.6666666666667,-55.1666666666667,-47.8333333333333,18.6666666666667,1027.857,107,96274,67886004,272.898,40.8,18.517,12.527
United Kingdom,2020-06-15,-46,-14,63,-50,-50,18,-60,-17.3333333333333,26.8333333333333,-54.8333333333333,-47.1666666666667,18.8333333333333,1018.857,104.429,91410,67886004,272.898,40.8,18.517,12.527
United Kingdom,2020-06-16,-50,-13,53,-51,-50,19,-61.1666666666667,-17.8333333333333,30.3333333333333,-53.5,-41.6666666666667,17,1008,93.429,89475,67886004,272.898,40.8,18.517,12.527
United Kingdom,2020-06-17,-52,-14,34,-52,-50,19,-59.1666666666667,-17.3333333333333,31.5,-53,-41.3333333333333,16.6666666666667,981.286,85.714,87379,67886004,272.898,40.8,18.517,12.527
United Kingdom,2020-06-18,-54,-15,8,-56,-52,20,-57.3333333333333,-16.3333333333333,40.5,-51.8333333333333,-41,16.3333333333333,983.143,84.429,86014,67886004,272.898,40.8,18.517,12.527
United Kingdom,2020-06-19,-53,-11,20,-52,-50,19,-56.1666666666667,-15.8333333333333,43.6666666666667,-50.8333333333333,-40.6666666666667,16,973.143,77.714,84706,67886004,272.898,40.8,18.517,12.527
United Kingdom,2020-06-20,-57,-10,49,-43,-20,9,-55,-15.5,44,-50.6666666666667,-40.8333333333333,15.8333333333333,941.429,72.571,82409,67886004,272.898,40.8,18.517,12.527
United Kingdom,2020-06-21,-58,-17,37,-44,-14,7,-53,-14.5,40.5,-51.1666666666667,-45.1666666666667,17.1666666666667,915.286,73.143,81021,67886004,272.898,40.8,18.517,12.527
United Kingdom,2020-06-22,-45,-13,72,-49,-51,17,-52,-12.8333333333333,37.8333333333333,-50.6666666666667,-45.3333333333333,17.3333333333333,895.429,70.857,80267,67886004,272.898,40.8,18.517,12.527
United Kingdom,2020-06-23,-48,-10,90,-48,-51,17,-54,-13.3333333333333,33.5,-49.6666666666667,-39.3333333333333,15.5,866.714,67.143,79237,67886004,272.898,40.8,18.517,12.527
United Kingdom,2020-06-24,-49,-8,98,-47,-49,17,-53.1666666666667,-13.3333333333333,36.6666666666667,-49.3333333333333,-39.5,15.1666666666667,835,63.857,79908,67886004,272.898,40.8,18.517,12.527
United Kingdom,2020-06-25,-49,-6,102,-47,-49,17,-52.5,-12.6666666666667,46,-48.6666666666667,-39.6666666666667,14.8333333333333,788.857,68.429,88224,67886004,272.898,40.8,18.517,12.527
United Kingdom,2020-06-26,-51,-9,50,-48,-49,18,-51.6666666666667,-11.5,61,-47.1666666666667,-39.1666666666667,14.3333333333333,739.571,67.429,90427,67886004,272.898,40.8,18.517,12.527
United Kingdom,2020-06-27,-59,-15,-7,-49,-24,11,-51,-10.6666666666667,74.6666666666667,-46.3333333333333,-39,14,735,63,92839,67886004,272.898,40.8,18.517,12.527
United Kingdom,2020-06-28,-56,-19,22,-46,-17,8,-50,-10.5,74.8333333333333,-47.1666666666667,-43.8333333333333,15.5,704,63,96160,67886004,272.898,40.8,18.517,12.527
United Kingdom,2020-06-29,-45,-14,22,-50,-49,17,-50.1666666666667,-10.1666666666667,67.5,-48,-45.5,16.1666666666667,665.143,64.143,97874,67886004,272.898,40.8,18.517,12.527
United Kingdom,2020-06-30,-45,-12,34,-50,-48,17,-52,-11.1666666666667,59.1666666666667,-47.5,-39.8333333333333,14.6666666666667,596.857,58.429,104648,67886004,272.898,40.8,18.517,12.527
United Kingdom,2020-07-01,-47,-13,34,-49,-48,17,-51.5,-11.8333333333333,47.8333333333333,-47.8333333333333,-39.5,14.6666666666667,494.857,59.857,109277,67886004,272.898,40.8,18.517,12.527
United Kingdom,2020-07-02,-47,-11,39,-49,-48,17,-50.8333333333333,-12.5,37.1666666666667,-48.3333333333333,-39.3333333333333,14.6666666666667,396.143,51.571,107056,67886004,272.898,40.8,18.517,12.527
United Kingdom,2020-07-03,-49,-12,20,-49,-47,18,-50.5,-13.6666666666667,25.8333333333333,-48.6666666666667,-39.1666666666667,14.6666666666667,376.571,47.571,111842,67886004,272.898,40.8,18.517,12.527
United Kingdom,2020-07-04,-51,-15,13,-41,-18,8,-49.8333333333333,-14,24,-48.8333333333333,-39,14.5,375.286,46.429,113810,67886004,272.898,40.8,18.517,12.527
United Kingdom,2020-07-05,-48,-18,53,-37,-14,6,-48.1666666666667,-13.5,28.5,-48.8333333333333,-42.8333333333333,15.6666666666667,391.286,44.714,115178,67886004,272.898,40.8,18.517,12.527
United Kingdom,2020-07-06,-36,-11,76,-43,-48,14,-47.3333333333333,-12.8333333333333,27,-48,-43,15.6666666666667,354,43.286,115099,67886004,272.898,40.8,18.517,12.527
United Kingdom,2020-07-07,-40,-12,52,-45,-48,16,-47.8333333333333,-13.5,32.1666666666667,-45.8333333333333,-37.1666666666667,13.8333333333333,379.714,43.286,113087,67886004,272.898,40.8,18.517,12.527
United Kingdom,2020-07-08,-42,-14,29,-47,-47,16,-46.3333333333333,-13.3333333333333,39.1666666666667,-44.6666666666667,-37.1666666666667,13.3333333333333,461.714,37.571,113611,67886004,272.898,40.8,18.517,12.527
United Kingdom,2020-07-09,-42,-12,38,-46,-47,16,-45.1666666666667,-13.1666666666667,42.1666666666667,-44,-37.1666666666667,13.1666666666667,552.714,36.143,113881,67886004,272.898,40.8,18.517,12.527
United Kingdom,2020-07-10,-41,-10,67,-40,-46,14,-44.3333333333333,-13.6666666666667,40.5,-43.6666666666667,-37,13,555.857,34,113119,67886004,272.898,40.8,18.517,12.527
United Kingdom,2020-07-11,-47,-12,69,-32,-14,6,-43.1666666666667,-13.6666666666667,43.5,-43.1666666666667,-37,12.6666666666667,584.571,31.857,114854,67886004,272.898,40.8,18.517,12.527
United Kingdom,2020-07-12,-43,-15,103,-27,-10,3,-41.5,-12.8333333333333,52.5,-43,-41.6666666666667,13.6666666666667,603.286,30.429,115080,67886004,272.898,40.8,18.517,12.527
United Kingdom,2020-07-13,-35,-11,71,-42,-48,14,-41.3333333333333,-11.8333333333333,55.1666666666667,-42.1666666666667,-41.6666666666667,13.6666666666667,628.714,30.286,116132,67886004,272.898,40.8,18.517,12.527
United Kingdom,2020-07-14,-36,-11,73,-43,-48,15,-42.5,-12.5,59.6666666666667,-39.5,-35.3333333333333,11.8333333333333,722.429,28.857,117800,67886004,272.898,40.8,18.517,12.527
United Kingdom,2020-07-15,-33,-13,52,-47,-46,15,-41.6666666666667,-12.3333333333333,62.8333333333333,-39,-35.3333333333333,11.5,708.286,24.429,119815,67886004,272.898,40.8,18.517,12.527
United Kingdom,2020-07-16,-31,-10,85,-45,-45,14,-40.6666666666667,-11.8333333333333,70.1666666666667,-38.3333333333333,-35.5,11.3333333333333,708.857,23.429,121705,67886004,272.898,40.8,18.517,12.527
United Kingdom,2020-07-17,-33,-10,93,-41,-44,13,-39.1666666666667,-12,72.5,-38.5,-35.3333333333333,11.1666666666667,732.143,22.286,126098,67886004,272.898,40.8,18.517,12.527
United Kingdom,2020-07-18,-40,-13,61,-35,-14,5,-37.5,-12,75.5,-39.3333333333333,-35.1666666666667,11.1666666666667,732.571,21.143,127416,67886004,272.898,40.8,18.517,12.527
United Kingdom,2020-07-19,-35,-16,78,-32,-10,3,-35.1666666666667,-11.6666666666667,79.5,-40.8333333333333,-40.1666666666667,12.3333333333333,743.429,21.429,130151,67886004,272.898,40.8,18.517,12.527
United Kingdom,2020-07-20,-25,-9,114,-42,-48,13,-34.6666666666667,-11.3333333333333,72.5,-42.1666666666667,-40.8333333333333,12.6666666666667,750.429,21.429,131373,67886004,272.898,40.8,18.517,12.527
United Kingdom,2020-07-21,-28,-10,116,-43,-48,13,-34.6666666666667,-12.1666666666667,73.6666666666667,-40.5,-34.5,10.8333333333333,636.857,18.714,133369,67886004,272.898,40.8,18.517,12.527
United Kingdom,2020-07-22,-29,-11,89,-44,-46,14,-32.8333333333333,-11.8333333333333,80.5,-40.3333333333333,-34.5,10.5,640.429,17.429,132787,67886004,272.898,40.8,18.517,12.527
United Kingdom,2020-07-23,-30,-9,81,-45,-47,14,-32,-11.3333333333333,91.1666666666667,-39.6666666666667,-34.8333333333333,10.1666666666667,659.286,15.286,131334,67886004,272.898,40.8,18.517,12.527
United Kingdom,2020-07-24,-32,-12,95,-40,-46,13,-31.6666666666667,-11.5,91.8333333333333,-39.5,-35,10.1666666666667,671,16.143,128898,67886004,272.898,40.8,18.517,12.527
United Kingdom,2020-07-25,-40,-16,25,-37,-15,6,-31.1666666666667,-11.3333333333333,89.8333333333333,-40.1666666666667,-35.5,10.3333333333333,662.571,17,129367,67886004,272.898,40.8,18.517,12.527
United Kingdom,2020-07-26,-33,-17,78,-30,-9,3,-29.8333333333333,-11.1666666666667,95.5,-41,-40.8333333333333,11.6666666666667,666,16.571,129892,67886004,272.898,40.8,18.517,12.527
United Kingdom,2020-07-27,-29,-14,40,-46,-51,14,-30.6666666666667,-11.1666666666667,86.6666666666667,-41.8333333333333,-41.6666666666667,12.1666666666667,680.571,15.571,129330,67886004,272.898,40.8,18.517,12.527
United Kingdom,2020-07-28,-26,-10,100,-42,-48,14,-32,-12.5,80.6666666666667,-39.8333333333333,-35.1666666666667,10.5,696,15,131500,67886004,272.898,40.8,18.517,12.527
United Kingdom,2020-07-29,-25,-10,107,-41,-48,13,-32.1666666666667,-13.1666666666667,68,-40.3333333333333,-35.6666666666667,10.6666666666667,730.143,17.429,134413,67886004,272.898,40.8,18.517,12.527
United Kingdom,2020-07-30,-23,-7,120,-41,-48,13,-31.6666666666667,-13,69.8333333333333,-40,-36,10.6666666666667,739.857,16.143,138597,67886004,272.898,40.8,18.517,12.527
United Kingdom,2020-07-31,-29,-11,120,-37,-48,11,-30.8333333333333,-13.1666666666667,74.1666666666667,-39.3333333333333,-36.1666666666667,10.5,756.143,14.429,141013,67886004,272.898,40.8,18.517,12.527
United Kingdom,2020-08-01,-36,-14,72,-30,-14,4,-29.3333333333333,-12.3333333333333,78.3333333333333,-39.5,-36.5,10.5,756,14.143,142006,67886004,272.898,40.8,18.517,12.527
United Kingdom,2020-08-02,-28,-15,93,-27,-9,2,-27.5,-11.5,94.1666666666667,-39.5,-42,11.3333333333333,755.571,13.714,146135,67886004,272.898,40.8,18.517,12.527
United Kingdom,2020-08-03,-15,-11,115,-39,-49,11,-28,-11,93.1666666666667,-39.5,-42.8333333333333,11.5,791.857,13.429,154054,67886004,272.898,40.8,18.517,12.527
United Kingdom,2020-08-04,-19,-13,89,-42,-49,13,-27.8333333333333,-11.1666666666667,102,-36.3333333333333,-35.8333333333333,9.5,809.286,13,154503,67886004,272.898,40.8,18.517,12.527
United Kingdom,2020-08-05,-16,-13,86,-43,-48,13,-26,-11.3333333333333,104.5,-35.8333333333333,-36,9,824.143,10.143,155143,67886004,272.898,40.8,18.517,12.527
United Kingdom,2020-08-06,-23,-10,120,-42,-48,12,-25,-11.8333333333333,101.5,-36,-36.1666666666667,9,840.857,12.714,155881,67886004,272.898,40.8,18.517,12.527
United Kingdom,2020-08-07,-28,-12,114,-39,-48,11,-23.8333333333333,-12.8333333333333,95.8333333333333,-36.3333333333333,-36.1666666666667,9,843.286,11.571,157091,67886004,272.898,40.8,18.517,12.527
United Kingdom,2020-08-08,-35,-14,92,-31,-13,3,-22.8333333333333,-12.6666666666667,95.8333333333333,-37.1666666666667,-36.1666666666667,9.16666666666667,842.714,10.143,159183,67886004,272.898,40.8,18.517,12.527
United Kingdom,2020-08-09,-28,-15,103,-27,-8,1,-21.5,-12.3333333333333,102.833333333333,-38.6666666666667,-41.8333333333333,10.3333333333333,895,10.143,161573,67886004,272.898,40.8,18.517,12.527
United Kingdom,2020-08-10,-11,-11,118,-40,-48,11,-22.6666666666667,-12.1666666666667,102.666666666667,-39.3333333333333,-42.5,10.5,877.286,12.571,162730,67886004,272.898,40.8,18.517,12.527
United Kingdom,2020-08-11,-13,-11,118,-41,-48,12,-24.8333333333333,-12.8333333333333,100.666666666667,-37.3333333333333,-35.6666666666667,8.83333333333333,945.143,11.857,163691,67886004,272.898,40.8,18.517,12.527
United Kingdom,2020-08-12,-14,-11,100,-42,-47,12,-23.5,-12.5,105.5,-37,-35.5,8.5,964.143,12.714,165976,67886004,272.898,40.8,18.517,12.527
United Kingdom,2020-08-13,-24,-10,89,-43,-48,13,-23,-12.1666666666667,110.833333333333,-36.6666666666667,-35.5,8.33333333333333,990.429,12.714,164418,67886004,272.898,40.8,18.517,12.527
United Kingdom,2020-08-14,-26,-12,76,-39,-46,12,-21.5,-12.3333333333333,107.5,-36.6666666666667,-35.3333333333333,8.33333333333333,1070.571,12.571,164022,67886004,272.898,40.8,18.517,12.527
United Kingdom,2020-08-15,-33,-15,50,-33,-13,4,-20.8333333333333,-12,103.333333333333,-37.3333333333333,-35.3333333333333,8.66666666666667,1110.143,12.571,166815,67886004,272.898,40.8,18.517,12.527
United Kingdom,2020-08-16,-29,-18,52,-32,-10,3,-19.3333333333333,-11.6666666666667,100.666666666667,-38.6666666666667,-40.8333333333333,10.1666666666667,1109.857,12.571,167752,67886004,272.898,40.8,18.517,12.527
United Kingdom,2020-08-17,-9,-14,80,-41,-48,11,-20.1666666666667,-11.6666666666667,91.8333333333333,-39.6666666666667,-41.6666666666667,10.6666666666667,1096,10.429,166778,67886004,272.898,40.8,18.517,12.527
United Kingdom,2020-08-18,-11,-13,93,-41,-46,12,-23.1666666666667,-12.8333333333333,80.8333333333333,-38.3333333333333,-35.3333333333333,9.33333333333333,1090.714,10.286,166709,67886004,272.898,40.8,18.517,12.527
United Kingdom,2020-08-19,-15,-17,39,-44,-46,13,-22.5,-13.3333333333333,74.5,-38.3333333333333,-35.3333333333333,9.16666666666667,1061,9.857,166964,67886004,272.898,40.8,18.517,12.527
United Kingdom,2020-08-20,-19,-10,121,-40,-46,11,-22,-13.6666666666667,73.3333333333333,-38.1666666666667,-35.1666666666667,9.16666666666667,1067.714,8.143,168450,67886004,272.898,40.8,18.517,12.527
United Kingdom,2020-08-21,-26,-13,56,-40,-45,12,-20.5,-14.8333333333333,65,-38.3333333333333,-34.8333333333333,9.16666666666667,1010.429,6.857,170084,67886004,272.898,40.8,18.517,12.527
United Kingdom,2020-08-22,-31,-15,53,-32,-11,4,-19.3333333333333,-14.5,72.5,-38.5,-34.8333333333333,9,1051.857,9,169667,67886004,272.898,40.8,18.517,12.527
United Kingdom,2020-08-23,-26,-17,64,-29,-7,2,-18.1666666666667,-14.1666666666667,73.5,-39.6666666666667,-40.1666666666667,10.3333333333333,1042.857,9.143,169093,67886004,272.898,40.8,18.517,12.527
United Kingdom,2020-08-24,-3,-12,105,-38,-46,10,-18.5,-13.6666666666667,73.6666666666667,-39.6666666666667,-40.3333333333333,10.5,1079.429,9.286,169331,67886004,272.898,40.8,18.517,12.527
United Kingdom,2020-08-25,-13,-16,31,-45,-47,13,-21.3333333333333,-14.1666666666667,71,-37.6666666666667,-33.5,9,1092,9.857,175553,67886004,272.898,40.8,18.517,12.527
United Kingdom,2020-08-26,-3,-11,90,-38,-44,11,-20,-14,73,-37.1666666666667,-33.5,8.66666666666667,1137,9.857,179503,67886004,272.898,40.8,18.517,12.527
United Kingdom,2020-08-27,-21,-12,55,-42,-45,12,-19.6666666666667,-13.8333333333333,71.6666666666667,-37.3333333333333,-33.6666666666667,8.66666666666667,1186.571,10.714,183349,67886004,272.898,40.8,18.517,12.527
United Kingdom,2020-08-28,-20,-9,51,-37,-45,11,-17,-14,66.5,-37,-33.3333333333333,8.66666666666667,1220.429,11.714,184457,67886004,272.898,40.8,18.517,12.527
United Kingdom,2020-08-29,-27,-13,49,-29,-12,3,-16.1666666666667,-13.8333333333333,66.3333333333333,-37.3333333333333,-33.3333333333333,8.66666666666667,1188.714,10.857,184850,67886004,272.898,40.8,18.517,12.527
United Kingdom,2020-08-30,-15,-14,94,-23,-7,1,-14.3333333333333,-12.8333333333333,66,-38.1666666666667,-39,9.83333333333333,1289.286,10.143,186989,67886004,272.898,40.8,18.517,12.527
United Kingdom,2020-08-31,3,-17,152,-43,-68,14,-14.5,-12.1666666666667,63.5,-38.1666666666667,-39.8333333333333,10,1351.857,10,191620,67886004,272.898,40.8,18.517,12.527
United Kingdom,2020-09-01,-15,-6,94,-37,-44,10,-16.5,-12.5,61.6666666666667,-35.6666666666667,-33.3333333333333,8.5,1370.571,8.143,187399,67886004,272.898,40.8,18.517,12.527
United Kingdom,2020-09-02,-20,-11,48,-41,-42,11,-13.8333333333333,-12.6666666666667,81.8333333333333,-35.3333333333333,-36.8333333333333,8.66666666666667,1423.143,7.143,187522,67886004,272.898,40.8,18.517,12.527
United Kingdom,2020-09-03,-20,-10,58,-40,-42,11,-15.8333333333333,-11.8333333333333,82.5,-35.1666666666667,-36.8333333333333,8.5,1457,7.429,187181,67886004,272.898,40.8,18.517,12.527
United Kingdom,2020-09-04,-21,-10,61,-35,-40,9,-15.6666666666667,-11.6666666666667,81.3333333333333,-35,-36.3333333333333,8.33333333333333,1554.286,7.571,189075,67886004,272.898,40.8,18.517,12.527
United Kingdom,2020-09-05,-26,-12,56,-30,-10,3,-15.6666666666667,-11.8333333333333,82.5,-35.5,-35.8333333333333,8.33333333333333,1656.714,7.571,190364,67886004,272.898,40.8,18.517,12.527
United Kingdom,2020-09-06,-21,-12,69,-27,-7,2,-14.6666666666667,-11.3333333333333,84.5,-36.5,-40.5,9.33333333333333,1833.143,7.714,192055,67886004,272.898,40.8,18.517,12.527
United Kingdom,2020-09-07,-17,-10,58,-36,-43,9,-16.5,-11,78.1666666666667,-37.6666666666667,-41,9.66666666666667,2052.857,7.714,195142,67886004,272.898,40.8,18.517,12.527
United Kingdom,2020-09-08,-19,-10,74,-35,-42,9,-20.5,-10.1666666666667,64.3333333333333,-35,-30.8333333333333,7.66666666666667,2217,11.857,199807,67886004,272.898,40.8,18.517,12.527
United Kingdom,2020-09-09,-20,-11,67,-36,-39,9,-20.8333333333333,-10.8333333333333,58.3333333333333,-34.8333333333333,-30.6666666666667,7.5,2383.714,11.571,202321,67886004,272.898,40.8,18.517,12.527
United Kingdom,2020-09-10,-20,-9,78,-36,-40,9,-20.6666666666667,-10.6666666666667,62.6666666666667,-33.8333333333333,-30.6666666666667,7.16666666666667,2548.286,11.571,208360,67886004,272.898,40.8,18.517,12.527
United Kingdom,2020-09-11,-22,-9,62,-32,-38,8,-20.6666666666667,-10.8333333333333,64.1666666666667,-33.1666666666667,-30.1666666666667,6.83333333333333,2772,11,219557,67886004,272.898,40.8,18.517,12.527
United Kingdom,2020-09-12,-27,-11,61,-28,-9,3,-20.5,-10.6666666666667,67,-33.3333333333333,-30.1666666666667,6.83333333333333,3011.571,10.571,225228,67886004,272.898,40.8,18.517,12.527
United Kingdom,2020-09-13,-21,-12,94,-24,-7,1,-19.8333333333333,-10.1666666666667,68,-33.6666666666667,-34.8333333333333,7.66666666666667,3061.714,11,229871,67886004,272.898,40.8,18.517,12.527
United Kingdom,2020-09-14,-17,-9,104,-32,-36,8,-20.8333333333333,-10,66.6666666666667,-33.8333333333333,-35.1666666666667,7.83333333333333,3014.857,11.857,231949,67886004,272.898,40.8,18.517,12.527
United Kingdom,2020-09-15,-19,-9,91,-34,-36,9,-21.5,-10.3333333333333,72.6666666666667,-31.8333333333333,-29.1666666666667,6.5,3105.429,11.143,236820,67886004,272.898,40.8,18.517,12.527
United Kingdom,2020-09-16,-21,-11,71,-35,-36,9,-21.1666666666667,-10.1666666666667,77.6666666666667,-31.3333333333333,-28.1666666666667,6.33333333333333,3294.857,12.857,239593,67886004,272.898,40.8,18.517,12.527
United Kingdom,2020-09-17,-20,-9,88,-35,-36,9,-21,-9.83333333333333,81.6666666666667,-31,-27.6666666666667,6.33333333333333,3363.286,13.857,239533,67886004,272.898,40.8,18.517,12.527
United Kingdom,2020-09-18,-22,-9,75,-32,-35,8,-21.1666666666667,-10.1666666666667,80.5,-30.8333333333333,-27,6.33333333333333,3475.429,16.857,237524,67886004,272.898,40.8,18.517,12.527
United Kingdom,2020-09-19,-27,-11,67,-29,-10,3,-20.8333333333333,-10.1666666666667,84.8333333333333,-31.3333333333333,-26.6666666666667,6.5,3607.571,19.429,240696,67886004,272.898,40.8,18.517,12.527
United Kingdom,2020-09-20,-22,-12,85,-26,-7,2,-20,-9.83333333333333,87.1666666666667,-32,-31,7.33333333333333,3687.714,21.286,242039,67886004,272.898,40.8,18.517,12.527
United Kingdom,2020-09-21,-17,-8,86,-34,-37,8,-21,-9.66666666666667,82.6666666666667,-32.8333333333333,-31.5,7.66666666666667,3938.143,21.571,240647,67886004,272.898,40.8,18.517,12.527
United Kingdom,2020-09-22,-22,-9,64,-36,-36,9,-21.8333333333333,-10.1666666666667,79.5,-31.8333333333333,-26.6666666666667,6.66666666666667,4198.286,23,236805,67886004,272.898,40.8,18.517,12.527
United Kingdom,2020-09-23,-27,-11,20,-40,-35,11,-21.5,-10,78.6666666666667,-31.8333333333333,-26.8333333333333,6.5,4509.714,25.429,238921,67886004,272.898,40.8,18.517,12.527
United Kingdom,2020-09-24,-26,-9,28,-41,-35,11,-21.6666666666667,-9.66666666666667,77.5,-32,-26.8333333333333,6.5,4971.714,28.143,243699,67886004,272.898,40.8,18.517,12.527
United Kingdom,2020-09-25,-25,-7,29,-37,-34,10,-22.8333333333333,-10,66.1666666666667,-32.8333333333333,-26.6666666666667,6.83333333333333,5335.857,29.143,246961,67886004,272.898,40.8,18.517,12.527
United Kingdom,2020-09-26,-28,-10,28,-34,-9,5,-23.5,-10,58.3333333333333,-34.3333333333333,-26.6666666666667,7.33333333333333,5567.429,30.286,247609,67886004,272.898,40.8,18.517,12.527
United Kingdom,2020-09-27,-25,-13,45,-32,-7,3,-23.1666666666667,-9.33333333333333,52,-35.6666666666667,-30.6666666666667,8.5,5824.714,30.143,251715,67886004,272.898,40.8,18.517,12.527
United Kingdom,2020-09-28,-19,-8,45,-38,-35,10,-24.1666666666667,-9,42.5,-37,-31,9,5778.714,30.429,254677,67886004,272.898,40.8,18.517,12.527
United Kingdom,2020-09-29,-22,-8,47,-38,-34,10,-25.5,-9.83333333333333,35.6666666666667,-36.6666666666667,-26,8.16666666666667,6095.857,35.429,259658,67886004,272.898,40.8,18.517,12.527
United Kingdom,2020-09-30,-26,-11,4,-40,-34,11,-25,-9.66666666666667,32.5,-37,-25.8333333333333,8.33333333333333,6228.714,40.286,259436,67886004,272.898,40.8,18.517,12.527
United Kingdom,2020-10-01,-23,-6,36,-39,-32,10,-24.1666666666667,-9.16666666666667,37,-36.6666666666667,-25.6666666666667,8.16666666666667,6269.429,43,258761,67886004,272.898,40.8,18.517,12.527
United Kingdom,2020-10-02,-30,-10,4,-37,-32,11,-24.1666666666667,-9.5,33,-36.5,-25.5,8.16666666666667,6286,47.571,255897,67886004,272.898,40.8,18.517,12.527
United Kingdom,2020-10-03,-34,-12,-20,-40,-12,7,-23.8333333333333,-9.33333333333333,34.1666666666667,-36.8333333333333,-25.1666666666667,8.16666666666667,7262.429,49.571,260370,67886004,272.898,40.8,18.517,12.527
United Kingdom,2020-10-04,-31,-15,-4,-38,-9,5,-24.1666666666667,-9.33333333333333,30.1666666666667,-37.3333333333333,-29,9.16666666666667,9728.857,51.857,258488,67886004,272.898,40.8,18.517,12.527
United Kingdom,2020-10-05,-24,-10,23,-37,-34,10,-25.6666666666667,-9.16666666666667,19.3333333333333,-38.6666666666667,-29.8333333333333,9.83333333333333,10949.857,52.714,265037,67886004,272.898,40.8,18.517,12.527
United Kingdom,2020-10-06,-26,-9,20,-38,-34,10,-27.6666666666667,-10.3333333333333,11.1666666666667,-38.6666666666667,-25.5,9,12007.143,53.286,267417,67886004,272.898,40.8,18.517,12.527
United Kingdom,2020-10-07,-24,-9,31,-38,-32,10,-28,-10.6666666666667,7.16666666666667,-38.5,-25.5,9,13015.143,53.143,267049,67886004,272.898,40.8,18.517,12.527
United Kingdom,2020-10-08,-27,-9,21,-41,-33,11,-28,-10.3333333333333,9.83333333333333,-38.1666666666667,-25.5,8.83333333333333,14532.429,55.714,271785,67886004,272.898,40.8,18.517,12.527
United Kingdom,2020-10-09,-28,-8,19,-37,-31,10,-28.1666666666667,-10.8333333333333,9,-38,-25.5,8.83333333333333,15517.286,58.714,275580,67886004,272.898,40.8,18.517,12.527
United Kingdom,2020-10-10,-31,-10,14,-37,-8,6,-27.6666666666667,-10.6666666666667,11.8333333333333,-38.6666666666667,-25.6666666666667,8.83333333333333,15844.429,63.286,274552,67886004,272.898,40.8,18.517,12.527
United Kingdom,2020-10-11,-27,-13,49,-33,-6,4,-26.6666666666667,-10,18.3333333333333,-38.1666666666667,-28.8333333333333,9.33333333333333,14404,67.857,275781,67886004,272.898,40.8,18.517,12.527
United Kingdom,2020-10-12,-27,-12,9,-40,-35,11,-26.6666666666667,-9.16666666666667,21.3333333333333,-38,-28.6666666666667,9.5,14605.143,72.286,268319,67886004,272.898,40.8,18.517,12.527
United Kingdom,2020-10-13,-29,-11,14,-41,-35,11,-27.1666666666667,-9.66666666666667,25.6666666666667,-37.3333333333333,-24,8.5,14989.857,81.857,273998,67886004,272.898,40.8,18.517,12.527
United Kingdom,2020-10-14,-27,-9,23,-40,-33,11,-27.3333333333333,-10.1666666666667,23.8333333333333,-37.6666666666667,-24.1666666666667,8.66666666666667,15786.714,91.429,280489,67886004,272.898,40.8,18.517,12.527
United Kingdom,2020-10-15,-27,-7,29,-40,-33,11,-28.1666666666667,-10.5,21,-38.1666666666667,-24.6666666666667,8.83333333333333,15993.286,100.143,280684,67886004,272.898,40.8,18.517,12.527
United Kingdom,2020-10-16,-27,-6,25,-37,-32,11,-28.1666666666667,-10.5,21.3333333333333,-38,-24.6666666666667,8.83333333333333,16246,107.143,282912,67886004,272.898,40.8,18.517,12.527
United Kingdom,2020-10-17,-33,-9,18,-40,-10,7,-28,-10.3333333333333,23,-38.5,-25,9,16390.429,117,287027,67886004,272.898,40.8,18.517,12.527
United Kingdom,2020-10-18,-30,-13,36,-38,-9,5,-27.3333333333333,-9.66666666666667,24.8333333333333,-38.5,-29,9.83333333333333,16977.857,117.286,293876,67886004,272.898,40.8,18.517,12.527
United Kingdom,2020-10-19,-26,-10,27,-41,-35,11,-28.3333333333333,-9,19.6666666666667,-39.6666666666667,-29.6666666666667,10.3333333333333,17666.286,121.571,299798,67886004,272.898,40.8,18.517,12.527
United Kingdom,2020-10-20,-28,-9,28,-41,-35,12,-28.8333333333333,-9.16666666666667,24.1666666666667,-39.3333333333333,-25.3333333333333,9.33333333333333,18254.143,135.571,296936,67886004,272.898,40.8,18.517,12.527
United Kingdom,2020-10-21,-31,-11,-2,-44,-35,13,-28.3333333333333,-9,26.3333333333333,-39.3333333333333,-25.3333333333333,9.33333333333333,19247.857,143.286,299735,67886004,272.898,40.8,18.517,12.527
United Kingdom,2020-10-22,-26,-6,34,-42,-34,12,-28.5,-9,27.1666666666667,-39.5,-25.6666666666667,9.5,19570.857,150.571,305488,67886004,272.898,40.8,18.517,12.527
United Kingdom,2020-10-23,-28,-6,19,-41,-35,12,-29.1666666666667,-9.66666666666667,22,-40.1666666666667,-26,9.83333333333333,20271.143,163.143,310444,67886004,272.898,40.8,18.517,12.527
United Kingdom,2020-10-24,-38,-12,-10,-44,-13,8,-29,-9.66666666666667,23.5,-41,-26.3333333333333,10,21249.286,166.571,311799,67886004,272.898,40.8,18.517,12.527
United Kingdom,2020-10-25,-29,-10,32,-39,-10,5,-28.1666666666667,-9.16666666666667,23.6666666666667,-41.1666666666667,-30.5,10.8333333333333,21649.714,178.571,313830,67886004,272.898,40.8,18.517,12.527
United Kingdom,2020-10-26,-21,-9,42,-44,-45,13,-29.5,-9,16,-42.1666666666667,-31.1666666666667,11.3333333333333,21945.429,181.714,314083,67886004,272.898,40.8,18.517,12.527
United Kingdom,2020-10-27,-27,-10,10,-47,-45,14,-30,-9,16.8333333333333,-41.8333333333333,-27,10.3333333333333,22168.143,199.714,314888,67886004,272.898,40.8,18.517,12.527
United Kingdom,2020-10-28,-23,-8,27,-45,-43,14,-28.8333333333333,-9,19.1666666666667,-42.3333333333333,-28.6666666666667,10.5,21883.429,216.714,313153,67886004,272.898,40.8,18.517,12.527
United Kingdom,2020-10-29,-27,-9,4,-48,-44,15,-28.1666666666667,-8.83333333333333,21.1666666666667,-42.8333333333333,-30.3333333333333,10.6666666666667,22143.571,229.714,313862,67886004,272.898,40.8,18.517,12.527
United Kingdom,2020-10-30,-26,-5,25,-43,-42,13,-27.6666666666667,-9.16666666666667,20,-43.3333333333333,-31.8333333333333,11,22694.857,236.857,308399,67886004,272.898,40.8,18.517,12.527
United Kingdom,2020-10-31,-38,-9,-15,-44,-13,8,-27.5,-9.66666666666667,17.5,-44.5,-33.3333333333333,11.5,22535.714,258.571,305130,67886004,272.898,40.8,18.517,12.527
United Kingdom,2020-11-01,-29,-13,-4,-40,-10,5,-25.5,-8.5,23.3333333333333,-44.3333333333333,-38.1666666666667,12.3333333333333,23030.571,260.143,298169,67886004,272.898,40.8,18.517,12.527
United Kingdom,2020-11-02,-17,-7,8,-40,-34,11,-27,-8.33333333333333,15.5,-45.1666666666667,-38.6666666666667,12.8333333333333,22754.429,265,292061,67886004,272.898,40.8,18.517,12.527
United Kingdom,2020-11-03,-17,-6,6,-39,-33,11,-28.3333333333333,-9,7.83333333333333,-44.5,-32.8333333333333,11.5,22347.857,269.286,289617,67886004,272.898,40.8,18.517,12.527
United Kingdom,2020-11-04,-11,-4,19,-36,-31,10,-26.6666666666667,-8.5,7.5,-43.3333333333333,-31,11,22418.143,295.286,290252,67886004,272.898,40.8,18.517,12.527
United Kingdom,2020-11-05,-54,-14,8,-52,-38,16,-25.6666666666667,-8.16666666666667,4,-42.3333333333333,-29.3333333333333,10.5,22573.286,309.286,289941,67886004,272.898,40.8,18.517,12.527
United Kingdom,2020-11-06,-55,-12,5,-52,-38,17,-23,-7.33333333333333,6.5,-40.3333333333333,-27.1666666666667,9.66666666666667,22416.714,320.857,296587,67886004,272.898,40.8,18.517,12.527
United Kingdom,2020-11-07,-60,-16,13,-58,-28,13,-27.6666666666667,-8.83333333333333,3.66666666666667,-41.8333333333333,-26.5,10.1666666666667,22853.857,333.286,301503,67886004,272.898,40.8,18.517,12.527
United Kingdom,2020-11-08,-60,-20,5,-57,-28,10,-30.5,-9.33333333333333,7,-43.1666666666667,-30.6666666666667,11.6666666666667,22470.857,332.429,303509,67886004,272.898,40.8,18.517,12.527
United Kingdom,2020-11-09,-47,-15,5,-50,-39,15,-35.6666666666667,-9.83333333333333,9.83333333333333,-46.1666666666667,-33.6666666666667,13,22818,340.857,306722,67886004,272.898,40.8,18.517,12.527
United Kingdom,2020-11-10,-48,-13,14,-49,-39,15,-42.8333333333333,-12,9.33333333333333,-49,-32.6666666666667,12.8333333333333,22871.286,360.143,311530,67886004,272.898,40.8,18.517,12.527
United Kingdom,2020-11-11,-49,-14,-1,-51,-38,16,-47.8333333333333,-13.5,9.16666666666667,-50.8333333333333,-33.6666666666667,13.5,22556.143,375,321199,67886004,272.898,40.8,18.517,12.527
United Kingdom,2020-11-12,-48,-10,19,-50,-39,16,-54,-15,8.33333333333333,-53,-35,14.3333333333333,23892.286,401.429,325918,67886004,272.898,40.8,18.517,12.527
United Kingdom,2020-11-13,-49,-8,7,-50,-38,16,-53.1666666666667,-15,6.83333333333333,-52.8333333333333,-35,14.3333333333333,24462.857,404.429,329789,67886004,272.898,40.8,18.517,12.527
United Kingdom,2020-11-14,-59,-16,-29,-59,-28,13,-52,-14.6666666666667,9.16666666666667,-52.5,-35.1666666666667,14.1666666666667,24733.857,411.429,331855,67886004,272.898,40.8,18.517,12.527
United Kingdom,2020-11-15,-57,-19,-5,-57,-28,10,-50.1666666666667,-13.3333333333333,8.16666666666667,-51.1666666666667,-36.8333333333333,14.6666666666667,25362,413.143,331285,67886004,272.898,40.8,18.517,12.527
United Kingdom,2020-11-16,-46,-14,2,-50,-39,15,-50,-12.6666666666667,2.5,-51.5,-36.8333333333333,15.1666666666667,25364.714,415.857,332527,67886004,272.898,40.8,18.517,12.527
United Kingdom,2020-11-17,-48,-12,6,-50,-39,15,-51.6666666666667,-13.3333333333333,0.833333333333333,-52.6666666666667,-35,14.3333333333333,25308.857,425.429,329640,67886004,272.898,40.8,18.517,12.527
United Kingdom,2020-11-18,-49,-13,-7,-51,-38,16,-51.3333333333333,-13.5,-1.16666666666667,-52.8333333333333,-35,14.3333333333333,24829.571,415.857,328749,67886004,272.898,40.8,18.517,12.527
United Kingdom,2020-11-19,-48,-10,6,-51,-39,16,-51.1666666666667,-13.1666666666667,0,-52.6666666666667,-35.1666666666667,14.1666666666667,23318,407.143,331956,67886004,272.898,40.8,18.517,12.527
United Kingdom,2020-11-20,-50,-8,-17,-51,-38,17,-51.3333333333333,-13.6666666666667,-4.33333333333333,-52.8333333333333,-35,14.1666666666667,22312,426.429,333316,67886004,272.898,40.8,18.517,12.527
United Kingdom,2020-11-21,-56,-12,-8,-56,-26,12,-51.1666666666667,-14,-4.5,-53,-35.1666666666667,14.1666666666667,21318.429,409,336915,67886004,272.898,40.8,18.517,12.527
United Kingdom,2020-11-22,-53,-15,25,-53,-26,9,-49.6666666666667,-12.6666666666667,-2.5,-51.6666666666667,-36.8333333333333,14.8333333333333,20417,442,337048,67886004,272.898,40.8,18.517,12.527
United Kingdom,2020-11-23,-44,-12,4,-50,-39,15,-49.5,-11.5,-3,-51.5,-36.5,15.1666666666667,19566.857,441,331571,67886004,272.898,40.8,18.517,12.527
United Kingdom,2020-11-24,-47,-10,3,-50,-38,15,-50.6666666666667,-11.6666666666667,0.833333333333333,-52,-34.3333333333333,14.1666666666667,18321.714,442.286,336006,67886004,272.898,40.8,18.517,12.527
United Kingdom,2020-11-25,-47,-12,-5,-51,-37,16,-50,-11.6666666666667,0.5,-52,-34.3333333333333,14.1666666666667,18124,466,333150,67886004,272.898,40.8,18.517,12.527
United Kingdom,2020-11-26,-46,-9,10,-51,-37,15,-49.6666666666667,-11.1666666666667,2.16666666666667,-51.8333333333333,-34.3333333333333,14,17355.571,465.429,330435,67886004,272.898,40.8,18.517,12.527
United Kingdom,2020-11-27,-47,-7,-2,-50,-38,16,-49.5,-11.5,0.333333333333333,-51.8333333333333,-34,14,16576.571,466.714,322212,67886004,272.898,40.8,18.517,12.527
United Kingdom,2020-11-28,-55,-12,-11,-55,-24,12,-48.8333333333333,-11.6666666666667,4.83333333333333,-51.8333333333333,-33.8333333333333,13.6666666666667,16000.857,486.571,313960,67886004,272.898,40.8,18.517,12.527
United Kingdom,2020-11-29,-53,-15,5,-54,-24,9,-47.3333333333333,-10.8333333333333,5.83333333333333,-50.8333333333333,-35.8333333333333,14.3333333333333,15071.857,460.286,305198,67886004,272.898,40.8,18.517,12.527
United Kingdom,2020-11-30,-41,-9,-9,-49,-37,14,-47.6666666666667,-10.3333333333333,-0.166666666666667,-51.1666666666667,-35.5,14.8333333333333,14638,459.714,307886,67886004,272.898,40.8,18.517,12.527
United Kingdom,2020-12-01,-43,-7,7,-48,-36,14,-49.1666666666667,-10.8333333333333,0,-51.8333333333333,-33,13.8333333333333,14945.571,459,308289,67886004,272.898,40.8,18.517,12.527
United Kingdom,2020-12-02,-31,-6,-7,-45,-32,13,-48.1666666666667,-10.6666666666667,-2,-51.6666666666667,-32.8333333333333,13.6666666666667,14656.429,452.286,308030,67886004,272.898,40.8,18.517,12.527
United Kingdom,2020-12-03,-34,-8,-20,-46,-33,14,-47.5,-9.83333333333333,0,-51.1666666666667,-32.6666666666667,13.3333333333333,14284.143,440.286,309091,67886004,272.898,40.8,18.517,12.527
United Kingdom,2020-12-04,-35,-5,-18,-44,-33,14,-45,-9.33333333333333,-2.83333333333333,-50.1666666666667,-31.8333333333333,13,14507.143,438,315773,67886004,272.898,40.8,18.517,12.527
United Kingdom,2020-12-05,-36,-6,-8,-41,-13,8,-42.8333333333333,-9.5,-5.83333333333333,-49.5,-31,12.6666666666667,14462.571,426.286,321991,67886004,272.898,40.8,18.517,12.527
United Kingdom,2020-12-06,-36,-10,1,-41,-13,7,-39.5,-8.33333333333333,-7,-47.6666666666667,-32.5,13,15206.571,428.571,329247,67886004,272.898,40.8,18.517,12.527
United Kingdom,2020-12-07,-26,-5,-4,-43,-34,12,-36.6666666666667,-6.83333333333333,-9.16666666666667,-45.5,-30.6666666666667,12.8333333333333,15541.714,426.571,327126,67886004,272.898,40.8,18.517,12.527
United Kingdom,2020-12-08,-31,-5,-7,-44,-33,12,-35.8333333333333,-7,-7.5,-44.1666666666667,-26.6666666666667,11.6666666666667,15383,426,323827,67886004,272.898,40.8,18.517,12.527
United Kingdom,2020-12-09,-31,-5,-5,-44,-32,13,-33,-6.66666666666667,-9.33333333333333,-43.3333333333333,-26.3333333333333,11.3333333333333,15439.714,409.571,328047,67886004,272.898,40.8,18.517,12.527
United Kingdom,2020-12-10,-32,-3,-1,-44,-33,13,-33,-6.5,-9.33333333333333,-43.1666666666667,-26.5,11.1666666666667,16313.286,424.143,329338,67886004,272.898,40.8,18.517,12.527
United Kingdom,2020-12-11,-33,-2,-5,-41,-32,13,-32.5,-6,-6.83333333333333,-42.8333333333333,-26.3333333333333,11,17085,412.714,330863,67886004,272.898,40.8,18.517,12.527
United Kingdom,2020-12-12,-37,-5,-5,-39,-12,8,-32,-5.66666666666667,-4,-42.8333333333333,-26.3333333333333,10.8333333333333,17938.571,430.286,331387,67886004,272.898,40.8,18.517,12.527
United Kingdom,2020-12-13,-41,-13,-31,-45,-14,8,-31.5,-5,-3.5,-42.8333333333333,-29.5,11.6666666666667,18105.571,417.857,337024,67886004,272.898,40.8,18.517,12.527
United Kingdom,2020-12-14,-25,-2,2,-42,-35,12,-31.6666666666667,-4.16666666666667,-4.5,-42.5,-29.3333333333333,11.8333333333333,18906,424.143,345222,67886004,272.898,40.8,18.517,12.527
United Kingdom,2020-12-15,-25,0,10,-41,-34,12,-34.1666666666667,-5.5,-9,-42.8333333333333,-26,11.1666666666667,19789.286,410.857,347811,67886004,272.898,40.8,18.517,12.527
United Kingdom,2020-12-16,-33,-3,-14,-46,-34,14,-33.1666666666667,-5,-7.5,-42.5,-26.3333333333333,11.1666666666667,21027.286,422.143,345222,67886004,272.898,40.8,18.517,12.527
United Kingdom,2020-12-17,-29,2,12,-44,-35,13,-32.1666666666667,-4.16666666666667,-5,-42,-26.6666666666667,11,23093.857,424.429,344780,67886004,272.898,40.8,18.517,12.527
United Kingdom,2020-12-18,-33,-1,-14,-45,-37,15,-32.3333333333333,-4.16666666666667,-7.16666666666667,-42.3333333333333,-26.8333333333333,11.1666666666667,24061.857,433.857,344711,67886004,272.898,40.8,18.517,12.527
United Kingdom,2020-12-19,-40,-3,-10,-41,-13,8,-31.6666666666667,-3.5,-4.33333333333333,-42.8333333333333,-27.3333333333333,11.1666666666667,24875.429,436.286,356456,67886004,272.898,40.8,18.517,12.527
United Kingdom,2020-12-20,-43,-7,5,-45,-13,7,-31,-2.83333333333333,-5.83333333333333,-43.8333333333333,-31.5,12.3333333333333,27381.571,462.286,373781,67886004,272.898,40.8,18.517,12.527
United Kingdom,2020-12-21,-26,12,-8,-52,-49,16,-30.8333333333333,-1.16666666666667,-2.33333333333333,-43.1666666666667,-31.3333333333333,12.3333333333333,29258.714,459.714,396256,67886004,272.898,40.8,18.517,12.527
United Kingdom,2020-12-22,-26,17,14,-52,-50,16,-33.8333333333333,-2,-1.83333333333333,-43.6666666666667,-27.6666666666667,11.5,31881.857,486.143,416747,67886004,272.898,40.8,18.517,12.527
United Kingdom,2020-12-23,-27,23,-12,-54,-53,18,-34,0,-4.83333333333333,-45.5,-30.1666666666667,12.1666666666667,33894.286,505.571,437523,67886004,272.898,40.8,18.517,12.527
United Kingdom,2020-12-24,-35,14,19,-59,-65,21,-32.8333333333333,3.33333333333333,-0.166666666666667,-46.5,-32.8333333333333,12.5,34411,511.714,446946,67886004,272.898,40.8,18.517,12.527
United Kingdom,2020-12-25,-92,-89,-25,-85,-85,27,-32.5,6.83333333333333,-4.16666666666667,-48.1666666666667,-35.8333333333333,13.3333333333333,35017.143,523.143,439531,67886004,272.898,40.8,18.517,12.527
United Kingdom,2020-12-26,-81,-63,-34,-76,-54,15,-32.8333333333333,9.33333333333333,1.33333333333333,-50.5,-40.5,14.3333333333333,36094.143,476.571,415202,67886004,272.898,40.8,18.517,12.527
United Kingdom,2020-12-27,-58,-24,3,-59,-29,10,-41.5,-5,-1.16666666666667,-57.8333333333333,-52.5,17.5,35581.143,479.571,413474,67886004,272.898,40.8,18.517,12.527
United Kingdom,2020-12-28,-51,-24,16,-70,-77,26,-47.8333333333333,-14.3333333333333,-7.66666666666667,-63,-59.3333333333333,18.8333333333333,36715.857,499.857,402747,67886004,272.898,40.8,18.517,12.527
United Kingdom,2020-12-29,-47,-11,14,-64,-68,24,-53.1666666666667,-20.3333333333333,-5.83333333333333,-64.1666666666667,-56,17.8333333333333,39050.714,466.571,386976,67886004,272.898,40.8,18.517,12.527
United Kingdom,2020-12-30,-42,-3,18,-63,-66,23,-57.3333333333333,-27.1666666666667,-5.5,-67.1666666666667,-60.5,19.5,40601,500,374544,67886004,272.898,40.8,18.517,12.527
United Kingdom,2020-12-31,-53,2,14,-67,-69,24,-60.6666666666667,-32.8333333333333,-1.16666666666667,-68.8333333333333,-63,20.5,43012.429,555.714,380014,67886004,272.898,40.8,18.517,12.527
United Kingdom,2021-01-01,-83,-64,-5,-82,-83,32,-61.8333333333333,-35.6666666666667,-1.33333333333333,-69.5,-63.1666666666667,20.8333333333333,45963.143,562.143,392088,67886004,272.898,40.8,18.517,12.527
United Kingdom,2021-01-02,-68,-24,-12,-66,-39,16,-55.3333333333333,-20.5,5.16666666666667,-66.5,-60.5,20.3333333333333,49258.143,595.571,412361,67886004,272.898,40.8,18.517,12.527
United Kingdom,2021-01-03,-64,-24,-8,-62,-29,11,-55.6666666666667,-20.6666666666667,10,-67.5,-65.3333333333333,23.1666666666667,52495.857,611,413532,67886004,272.898,40.8,18.517,12.527
United Kingdom,2021-01-04,-53,-17,-16,-62,-49,19,-57.3333333333333,-20.6666666666667,7.5,-68.6666666666667,-67,24.1666666666667,54990.571,618.571,430506,67886004,272.898,40.8,18.517,12.527
United Kingdom,2021-01-05,-61,-21,-18,-63,-50,20,-59.5,-20.6666666666667,3.5,-67.3333333333333,-59,21.6666666666667,56106.571,679,453243,67886004,272.898,40.8,18.517,12.527
United Kingdom,2021-01-06,-62,-22,-13,-63,-49,21,-60.5,-21.6666666666667,-1.5,-67,-55.8333333333333,20.8333333333333,57866.143,687.571,474353,67886004,272.898,40.8,18.517,12.527
United Kingdom,2021-01-07,-62,-22,-9,-64,-50,21,-63.6666666666667,-24.6666666666667,-7.5,-67,-53.1666666666667,20.3333333333333,57403,715.714,491966,67886004,272.898,40.8,18.517,12.527
United Kingdom,2021-01-08,-64,-23,-21,-64,-49,22,-65.1666666666667,-28.6666666666667,-12,-66.3333333333333,-49.8333333333333,19.8333333333333,59507.857,818.286,529368,67886004,272.898,40.8,18.517,12.527
United Kingdom,2021-01-09,-68,-22,-14,-65,-33,15,-61.6666666666667,-21.6666666666667,-12.6666666666667,-63.3333333333333,-44.3333333333333,18,59828.571,902.571,551821,67886004,272.898,40.8,18.517,12.527
United Kingdom,2021-01-10,-68,-27,-13,-65,-31,12,-61,-21.5,-14.1666666666667,-63,-46,19,59809.857,918.571,560191,67886004,272.898,40.8,18.517,12.527
United Kingdom,2021-01-11,-59,-25,-16,-63,-50,20,-61.6666666666667,-21.1666666666667,-15.1666666666667,-63.5,-46.6666666666667,19.6666666666667,58003,935.571,570691,67886004,272.898,40.8,18.517,12.527
United Kingdom,2021-01-12,-61,-24,-7,-63,-51,20,-64.1666666666667,-22.8333333333333,-14.6666666666667,-64,-43.6666666666667,18.5,55797.429,987.714,583316,67886004,272.898,40.8,18.517,12.527
United Kingdom,2021-01-13,-64,-27,-30,-65,-50,21,-63.8333333333333,-23.5,-14.3333333333333,-64,-43.6666666666667,18.5,53669.714,1062.857,594228,67886004,272.898,40.8,18.517,12.527
United Kingdom,2021-01-14,-66,-29,-28,-66,-53,22,-63.6666666666667,-23.8333333333333,-13.3333333333333,-64,-44,18.3333333333333,53100.714,1075.857,605548,67886004,272.898,40.8,18.517,12.527
United Kingdom,2021-01-15,-64,-23,-15,-64,-51,21,-64,-24.6666666666667,-16.8333333333333,-64.1666666666667,-44,18.3333333333333,51342.571,1069,594155,67886004,272.898,40.8,18.517,12.527
United Kingdom,2021-01-16,-70,-26,-31,-67,-35,15,-64.3333333333333,-25.6666666666667,-18,-64.5,-44.6666666666667,18.3333333333333,48675.429,1106.714,584383,67886004,272.898,40.8,18.517,12.527
United Kingdom,2021-01-17,-67,-27,8,-63,-31,11,-63.6666666666667,-25.8333333333333,-18.1666666666667,-64.3333333333333,-47.6666666666667,19.3333333333333,46338.857,1123.143,575303,67886004,272.898,40.8,18.517,12.527
United Kingdom,2021-01-18,-60,-25,-10,-63,-51,19,-64,-25.6666666666667,-21.1666666666667,-64.6666666666667,-48.3333333333333,19.8333333333333,45101,1133.571,580038,67886004,272.898,40.8,18.517,12.527
United Kingdom,2021-01-19,-63,-27,-23,-64,-52,20,-65.3333333333333,-26,-17.1666666666667,-64.6666666666667,-45.1666666666667,18.3333333333333,43359,1185.857,580803,67886004,272.898,40.8,18.517,12.527
United Kingdom,2021-01-20,-65,-28,-35,-66,-51,21,-65.1666666666667,-26.1666666666667,-17.6666666666667,-64.6666666666667,-45.1666666666667,18.1666666666667,42120.429,1222.714,583557,67886004,272.898,40.8,18.517,12.527
United Kingdom,2021-01-21,-62,-23,-6,-64,-51,20,-65,-26.1666666666667,-16.5,-64.5,-45.5,18,40573.714,1228.857,580052,67886004,272.898,40.8,18.517,12.527
United Kingdom,2021-01-22,-62,-20,-3,-63,-49,21,-64.8333333333333,-26,-17.6666666666667,-64.5,-45.1666666666667,17.8333333333333,38350.286,1245.429,586092,67886004,272.898,40.8,18.517,12.527
United Kingdom,2021-01-23,-67,-22,-12,-64,-33,14,-64.5,-26,-16.1666666666667,-64.5,-45.1666666666667,17.6666666666667,37239.429,1253,584714,67886004,272.898,40.8,18.517,12.527
United Kingdom,2021-01-24,-71,-31,-4,-66,-34,12,-63.1666666666667,-25,-11.5,-63.8333333333333,-47.5,18.6666666666667,36016.714,1242.857,583857,67886004,272.898,40.8,18.517,12.527
United Kingdom,2021-01-25,-59,-23,-1,-62,-52,19,-63.1666666666667,-24.1666666666667,-14.8333333333333,-64,-47.8333333333333,19.1666666666667,33821.571,1241.714,580737,67886004,272.898,40.8,18.517,12.527
United Kingdom,2021-01-26,-62,-25,-27,-64,-51,20,-65,-25.1666666666667,-13.8333333333333,-64.5,-45,18,31923.429,1245.143,583352,67886004,272.898,40.8,18.517,12.527
United Kingdom,2021-01-27,-60,-21,-13,-63,-50,20,-64.3333333333333,-24.5,-10.1666666666667,-64.1666666666667,-45,17.8333333333333,29977.286,1230.857,600817,67886004,272.898,40.8,18.517,12.527
United Kingdom,2021-01-28,-61,-21,-12,-63,-50,20,-63.8333333333333,-24,-8.83333333333333,-63.8333333333333,-45,17.6666666666667,28667.857,1222.714,614839,67886004,272.898,40.8,18.517,12.527
United Kingdom,2021-01-29,-60,-16,-11,-61,-49,20,-63.5,-23.6666666666667,-10,-63.6666666666667,-44.8333333333333,17.6666666666667,27071.286,1200.857,619623,67886004,272.898,40.8,18.517,12.527
United Kingdom,2021-01-30,-67,-22,-37,-67,-33,15,-63.3333333333333,-23.8333333333333,-11.5,-63.6666666666667,-45,17.5,25606.714,1179.857,613383,67886004,272.898,40.8,18.517,12.527
United Kingdom,2021-01-31,-65,-24,-3,-63,-30,11,-62.1666666666667,-22.8333333333333,-11.3333333333333,-63.1666666666667,-47.6666666666667,18.5,24332.286,1176.857,639858,67886004,272.898,40.8,18.517,12.527
United Kingdom,2021-02-01,-56,-21,0,-60,-49,18,-61.5,-21.3333333333333,-16.8333333333333,-63.3333333333333,-47.5,19,23821.429,1150.143,655567,67886004,272.898,40.8,18.517,12.527
United Kingdom,2021-02-02,-61,-24,-13,-62,-51,20,-62.5,-21.5,-17.1666666666667,-63.5,-43.8333333333333,17.6666666666667,23355.571,1123.714,657452,67886004,272.898,40.8,18.517,12.527
United Kingdom,2021-02-03,-60,-21,-13,-63,-49,20,-61.5,-20.8333333333333,-12.6666666666667,-62.8333333333333,-43.5,17.3333333333333,22476.429,1066,662173,67886004,272.898,40.8,18.517,12.527
United Kingdom,2021-02-04,-60,-20,-12,-64,-49,20,-61.6666666666667,-21.3333333333333,-12.6666666666667,-62.6666666666667,-43.6666666666667,17.3333333333333,21322.571,1019.714,667279,67886004,272.898,40.8,18.517,12.527
United Kingdom,2021-02-05,-59,-14,-1,-61,-48,20,-61.5,-21.3333333333333,-12.8333333333333,-62.6666666666667,-43.5,17.3333333333333,19902.429,986.429,668959,67886004,272.898,40.8,18.517,12.527
United Kingdom,2021-02-06,-65,-19,-21,-64,-31,14,-61.5,-22,-13,-63.1666666666667,-43.5,17.3333333333333,19182.857,932.571,671571,67886004,272.898,40.8,18.517,12.527
United Kingdom,2021-02-07,-68,-27,-23,-67,-32,11,-60.1666666666667,-20.6666666666667,-7,-62.1666666666667,-46,18.1666666666667,18427.714,902,671893,67886004,272.898,40.8,18.517,12.527
United Kingdom,2021-02-08,-60,-24,-13,-63,-52,19,-60.1666666666667,-19.8333333333333,-10,-62.3333333333333,-46.1666666666667,18.6666666666667,17780.571,891.429,668797,67886004,272.898,40.8,18.517,12.527
United Kingdom,2021-02-09,-61,-21,-12,-63,-52,20,-62.1666666666667,-20.8333333333333,-13.8333333333333,-63.5,-43.3333333333333,17.5,17142.714,834.429,665047,67886004,272.898,40.8,18.517,12.527
United Kingdom,2021-02-10,-59,-17,-8,-62,-50,20,-62,-20.8333333333333,-13.8333333333333,-63.6666666666667,-43.5,17.3333333333333,16265.857,788.714,660874,67886004,272.898,40.8,18.517,12.527
United Kingdom,2021-02-11,-58,-15,-8,-63,-49,20,-62.1666666666667,-20.8333333333333,-13.6666666666667,-63.6666666666667,-44,17.3333333333333,15238.571,755.143,654962,67886004,272.898,40.8,18.517,12.527
United Kingdom,2021-02-12,-58,-10,-14,-62,-48,20,-62,-20.3333333333333,-13,-63.3333333333333,-44.1666666666667,17.3333333333333,14666.286,718.571,648611,67886004,272.898,40.8,18.517,12.527
United Kingdom,2021-02-13,-63,-11,-28,-65,-31,14,-61.8333333333333,-20.5,-14.1666666666667,-63.6666666666667,-44.3333333333333,17.3333333333333,13950.857,689,641568,67886004,272.898,40.8,18.517,12.527
United Kingdom,2021-02-14,-65,-21,-28,-65,-30,11,-60.6666666666667,-19,-13,-63.3333333333333,-47.1666666666667,18.3333333333333,13249,672.286,613502,67886004,272.898,40.8,18.517,12.527
United Kingdom,2021-02-15,-52,-16,18,-60,-53,18,-59.8333333333333,-16.3333333333333,-13.8333333333333,-63,-47,18.8333333333333,12625.857,658.286,589320,67886004,272.898,40.8,18.517,12.527
United Kingdom,2021-02-16,-55,-13,5,-61,-52,19,-60.6666666666667,-15.8333333333333,-16.3333333333333,-63.3333333333333,-43.3333333333333,17.5,12368,622.143,576293,67886004,272.898,40.8,18.517,12.527
United Kingdom,2021-02-17,-55,-16,1,-61,-51,20,-59.1666666666667,-15,-11.3333333333333,-62.8333333333333,-43.5,17.1666666666667,12322.714,584.429,548047,67886004,272.898,40.8,18.517,12.527
United Kingdom,2021-02-18,-55,-13,13,-61,-52,20,-58.5,-14.3333333333333,-9.16666666666667,-62.6666666666667,-43.8333333333333,17,12115.857,552.286,520649,67886004,272.898,40.8,18.517,12.527
United Kingdom,2021-02-19,-57,-12,-7,-61,-51,20,-58,-14.5,-7.66666666666667,-62.3333333333333,-44.1666666666667,17,11673.143,520,504962,67886004,272.898,40.8,18.517,12.527
United Kingdom,2021-02-20,-62,-14,-4,-61,-28,13,-57.5,-15,-3.16666666666667,-62.1666666666667,-44.8333333333333,17,11258.571,495,505104,67886004,272.898,40.8,18.517,12.527
United Kingdom,2021-02-21,-60,-18,27,-57,-26,10,-56.5,-15.1666666666667,0.333333333333333,-61.5,-48.1666666666667,18,11093.429,489,532243,67886004,272.898,40.8,18.517,12.527
United Kingdom,2021-02-22,-52,-16,13,-59,-47,17,-56,-14,4.33333333333333,-60.8333333333333,-47.8333333333333,18.3333333333333,11219.571,480.857,564448,67886004,272.898,40.8,18.517,12.527
United Kingdom,2021-02-23,-55,-15,7,-59,-47,18,-57.3333333333333,-14.3333333333333,5.83333333333333,-60.3333333333333,-43.3333333333333,17,10917.714,445,580061,67886004,272.898,40.8,18.517,12.527
United Kingdom,2021-02-24,-54,-13,6,-59,-46,19,-56.8333333333333,-14.8333333333333,7.16666666666667,-60,-42.5,16.6666666666667,10515.857,402.857,603850,67886004,272.898,40.8,18.517,12.527
United Kingdom,2021-02-25,-53,-10,22,-59,-46,18,-56.8333333333333,-14.6666666666667,8.16666666666667,-59.6666666666667,-41.8333333333333,16.3333333333333,10219.429,384.143,631127,67886004,272.898,40.8,18.517,12.527
United Kingdom,2021-02-26,-51,-5,38,-56,-45,18,-56.6666666666667,-14.6666666666667,7,-59.3333333333333,-40.8333333333333,16.1666666666667,9717.857,357.286,644068,67886004,272.898,40.8,18.517,12.527
United Kingdom,2021-02-27,-56,-9,38,-56,-25,11,-56,-14.3333333333333,11.8333333333333,-59,-40,15.8333333333333,9289.857,335.143,640935,67886004,272.898,40.8,18.517,12.527
United Kingdom,2021-02-28,-55,-12,48,-55,-23,9,-54.1666666666667,-12.8333333333333,18.8333333333333,-58.1666666666667,-42.8333333333333,16.6666666666667,8749.857,324.714,633301,67886004,272.898,40.8,18.517,12.527
United Kingdom,2021-03-01,-49,-12,20,-57,-46,17,-53.5,-11.3333333333333,20.6666666666667,-58,-42.6666666666667,16.8333333333333,8007.429,314.143,642101,67886004,272.898,40.8,18.517,12.527
United Kingdom,2021-03-02,-52,-12,16,-58,-46,17,-54,-10.6666666666667,26.5,-57.3333333333333,-38.6666666666667,15.5,7705.714,284.857,657448,67886004,272.898,40.8,18.517,12.527
United Kingdom,2021-03-03,-54,-13,-7,-59,-46,18,-53,-10.1666666666667,28.6666666666667,-57,-38.5,15.3333333333333,7201.857,291.143,676211,67886004,272.898,40.8,18.517,12.527
United Kingdom,2021-03-04,-54,-10,-1,-59,-46,18,-52.6666666666667,-10,30.3333333333333,-56.8333333333333,-38.5,15,6719.571,279.429,715431,67886004,272.898,40.8,18.517,12.527
United Kingdom,2021-03-05,-53,-6,8,-57,-44,18,-52.8333333333333,-10.5,25.5,-56.8333333333333,-38.5,15,6353.286,263.857,769964,67886004,272.898,40.8,18.517,12.527
United Kingdom,2021-03-06,-57,-9,10,-58,-24,12,-53.3333333333333,-11.3333333333333,19,-57.3333333333333,-38.6666666666667,15,6162,245,782445,67886004,272.898,40.8,18.517,12.527
United Kingdom,2021-03-07,-56,-12,30,-56,-22,9,-52.8333333333333,-10.8333333333333,14,-57.5,-41.8333333333333,16.1666666666667,6048.429,236.143,822186,67886004,272.898,40.8,18.517,12.527
United Kingdom,2021-03-08,-47,-8,16,-54,-44,15,-53.1666666666667,-10.3333333333333,7.66666666666667,-58,-42,16.6666666666667,5957.143,230.571,942647,67886004,272.898,40.8,18.517,12.527
United Kingdom,2021-03-09,-49,-8,31,-52,-43,15,-54.3333333333333,-10.3333333333333,9.33333333333333,-57.8333333333333,-38,15.3333333333333,5879.714,214.571,1051091,67886004,272.898,40.8,18.517,12.527
United Kingdom,2021-03-10,-55,-12,-26,-57,-42,17,-53.5,-9.66666666666667,9.33333333333333,-57.1666666666667,-37.6666666666667,15,5822.714,172.143,1161628,67886004,272.898,40.8,18.517,12.527
United Kingdom,2021-03-11,-53,-6,-4,-55,-42,17,-52.6666666666667,-8.83333333333333,15.6666666666667,-56,-37.1666666666667,14.5,5850,163.429,1260123,67886004,272.898,40.8,18.517,12.527
United Kingdom,2021-03-12,-52,-1,-1,-53,-40,16,-52.8333333333333,-9.16666666666667,11.5,-55.6666666666667,-36.5,14.3333333333333,5944.286,154.857,1333016,67886004,272.898,40.8,18.517,12.527
United Kingdom,2021-03-13,-56,2,-11,-58,-23,12,-52.8333333333333,-9.16666666666667,9.5,-55.3333333333333,-36.1666666666667,14.1666666666667,5872.714,149.571,1331439,67886004,272.898,40.8,18.517,12.527
United Kingdom,2021-03-14,-58,-10,4,-54,-14,8,-52,-7.83333333333333,7.66666666666667,-54.5,-38.8333333333333,14.8333333333333,5792,145.286,1355333,67886004,272.898,40.8,18.517,12.527
United Kingdom,2021-03-15,-47,-9,23,-51,-41,14,-52,-5.5,0.833333333333333,-54.8333333333333,-39,15.3333333333333,5835.857,145.143,1365679,67886004,272.898,40.8,18.517,12.527
United Kingdom,2021-03-16,-49,-8,23,-51,-41,15,-53.8333333333333,-5.83333333333333,-1.16666666666667,-54.8333333333333,-34,14.1666666666667,5763.571,127.857,1356806,67886004,272.898,40.8,18.517,12.527
United Kingdom,2021-03-17,-49,-7,26,-51,-40,15,-53.5,-6,-2.5,-54.6666666666667,-33.6666666666667,14,5731,120.857,1366647,67886004,272.898,40.8,18.517,12.527
United Kingdom,2021-03-18,-51,-5,18,-52,-40,16,-52.5,-5.33333333333333,5.66666666666667,-53.6666666666667,-33.5,13.6666666666667,5659.143,108.571,1343727,67886004,272.898,40.8,18.517,12.527
United Kingdom,2021-03-19,-51,-2,25,-50,-39,16,-51.8333333333333,-5.5,10.6666666666667,-53,-33.1666666666667,13.3333333333333,5400.286,97.714,1272080,67886004,272.898,40.8,18.517,12.527
United Kingdom,2021-03-20,-57,-7,16,-55,-22,11,-51.6666666666667,-6.16666666666667,13.8333333333333,-52.8333333333333,-33.1666666666667,13.3333333333333,5403.429,94,1276733,67886004,272.898,40.8,18.517,12.527
United Kingdom,2021-03-21,-55,-11,42,-53,-19,8,-50.8333333333333,-6.83333333333333,19.8333333333333,-51.5,-35.8333333333333,14,5497.857,91.429,1409016,67886004,272.898,40.8,18.517,12.527
United Kingdom,2021-03-22,-45,-6,42,-49,-40,14,-50.6666666666667,-6.33333333333333,21.8333333333333,-51.6666666666667,-37.1666666666667,14.5,5537.429,84.857,1358254,67886004,272.898,40.8,18.517,12.527
United Kingdom,2021-03-23,-48,-6,28,-50,-40,14,-52,-6.66666666666667,25,-52,-33.5,13.5,5545.143,85.143,1284510,67886004,272.898,40.8,18.517,12.527
United Kingdom,2021-03-24,-48,-5,28,-51,-39,15,-51.3333333333333,-6.33333333333333,28.1666666666667,-51.6666666666667,-33.3333333333333,13.3333333333333,5521.286,79,1302858,67886004,272.898,40.8,18.517,12.527
United Kingdom,2021-03-25,-49,-3,26,-51,-40,15,-51.1666666666667,-6.16666666666667,28.5,-51.5,-33.3333333333333,13.1666666666667,5513.429,74.429,1283434,67886004,272.898,40.8,18.517,12.527
United Kingdom,2021-03-26,-51,-1,-1,-51,-39,16,-50.6666666666667,-6.16666666666667,30.1666666666667,-51.3333333333333,-33.1666666666667,13,5708.143,70.286,1246158,67886004,272.898,40.8,18.517,12.527
United Kingdom,2021-03-27,-55,-5,19,-54,-21,11,-50.3333333333333,-6.33333333333333,30.3333333333333,-51.5,-33.3333333333333,12.8333333333333,5461,64.857,1245621,67886004,272.898,40.8,18.517,12.527
United Kingdom,2021-03-28,-58,-14,-1,-57,-22,9,-49.3333333333333,-5.33333333333333,27.5,-50.8333333333333,-36.1666666666667,13.6666666666667,5259.714,63,1209889,67886004,272.898,40.8,18.517,12.527
United Kingdom,2021-03-29,-41,-2,71,-48,-42,13,-49.3333333333333,-4.33333333333333,23.6666666666667,-51,-36.5,14.1666666666667,5170.571,63.714,1165961,67886004,272.898,40.8,18.517,12.527
United Kingdom,2021-03-30,-42,1,110,-46,-42,13,-51.5,-5.66666666666667,16.5,-52.3333333333333,-33.5,13.3333333333333,4978.286,55.571,1140412,67886004,272.898,40.8,18.517,12.527
United Kingdom,2021-03-31,-42,4,69,-47,-41,14,-50.3333333333333,-5,23.6666666666667,-52,-33.8333333333333,13.1666666666667,4762.429,47.714,1063178,67886004,272.898,40.8,18.517,12.527
United Kingdom,2021-04-01,-39,15,53,-47,-42,13,-49.3333333333333,-4,37.3333333333333,-51.1666666666667,-34.3333333333333,12.8333333333333,4517.857,46,1011634,67886004,272.898,40.8,18.517,12.527
United Kingdom,2021-04-02,-49,0,77,-58,-68,21,-48.1666666666667,-2.83333333333333,44.5,-50.5,-34.5,12.6666666666667,4116,43.286,991602,67886004,272.898,40.8,18.517,12.527
United Kingdom,2021-04-03,-55,2,35,-52,-27,9,-46.1666666666667,-0.166666666666667,53.5,-49.8333333333333,-35,12.1666666666667,4046.714,36.429,982949,67886004,272.898,40.8,18.517,12.527
United Kingdom,2021-04-04,-69,-40,72,-49,-23,6,-45.1666666666667,0.666666666666667,63.1666666666667,-50.5,-42.8333333333333,13.8333333333333,3826.429,34.857,865172,67886004,272.898,40.8,18.517,12.527
